review,sentiment
View nya bagus cuma saya ada beberapa lapak ga terurus .. trayek jalan menanjak dan belikuk. Menguji adrenalin.. motoran gua sama teman gua hari ini 1-11-23 ke gunung pancar.. kalo mau ke curugnya lumayan masih jauh banget sekitar 10 km â€¦,1
"Cukup 1 kali aja ke sini, kapok ngga lagi ke sini

Tempatnya terlalu banyak pungli. Masuk gate 1 cuma lewat 10.000 per orang, masuk â€¦",2
"sebenarnya tempatnya bagus, apalgi buat refresing bareng keluarga, namun pungli parkir yg cuman nongkrong minta uang parkir, tp tempat parkirannya tidak diperhatikan dan di rawat. jatohnya sih pungli",2
"gasuka banget, banyak pungli nya.
masuk ke gn.pancar 20rb ke wisata kolam panasnya bayar 10rb. parkir motor 5rb.
kondisi sarana kamarmandi pintunya kurang, bahkan ada pengunjung yg kehilangan hp.",2
"Udaranya sejuk, pemandanganya nyejukin mata bgt, cuma 1 jam dari cibubur, bagus untuk foto2.",1
"Kesini untuk acara gathering. Jalannya lumayan menanjak. Tempatnya sejuk,luas,sayangnya pas kesana lg hujan jadi acara gatheringnya di dalam tenda saja. sewa tempat terpisah dari umum jadi benar-benar bisa menikmati,sewa tempatnya juga sekalian makan siang dan snack,kopi. Makanannya enak,toiletnya terjaga.",1
Kapok deh ke situ masuk pertama bayar..spot poto bayar blum termasuk poto2 nya..parkir bayar beberapa kali..mo masuk kolam air panas bayar ..mo mandi di kolam bayar lagi ..tempat nya asal2an ..pas mo kluar dari area kolam eh bayar parkir lagi ...ga deh cukup sekali ..sya ke situ seminggu yang lalu,2
"Cukup sekali aja punglinya banyak,, buat parkir aja mungkin 100 ribu bisa lebih masuk sini ðŸ˜‚ â€¦",2
"Baru dtg pertama langsung di palak buat fto2 di tawarin keliling kayak maksa gtu, trus kita gak boleh fto2 ...
Tujuan kita kesini untuk apa Hello.... apa yg kita nikmatin ? Udah bayar 20.000 ibarat kata buat parkir doang , udah gtu tempat nya gak sejuk , gersanvg . Tdk rekomended .",2
"Dulu pernah ke sini buat projek bisnis campervan, tp baru mau keluarin kamera udah di datengin, kasih tau kalau pake dslr kena biaya lg, jdnya kita shoot pake hp sama gopro. Terlalu banyak pungli kalau kata orang2 dan saya tidak menampik â€¦",2
"Tempat healing ter adem dan dekat dari jkt ya hutan pinusnya gunung pancar, tentram banget kalo disini adÃ¨eem",1
"Terlalu banyak pungli parkir bayar lagi padahal htm sm mobil udah bayar,Toilet 3000.sekali kecing,harusnya udah fasilitas",2
"Tempatnya nyaman, asri, banyak spot foto. Sedikit tips untuk kalian yang ingin liburan kesini. Jika sudah masuk pintu utama lalu parkir kemudian di hampiri oleng orang yang menawari spot foto kalian bisa tolak. Kalian bisa langsung cari â€¦",1
"Nuansa alam sekali, cocok untuk menghilangkan kejenuhan, harus pinter cari spot biar dapat pemandangan yang bagus karena ada beberapa tempat yang kurang terawat. â€¦",1
Wahh bagus banget pemandangan nya pas banget kalau bawa pacar atau keluarga kesini mantap rekomendasi lahh,1
"Ini tempat wisata buka setiap hari,dengan HTM yg cukup murah 5000-7500. Pemandanga wisata alam yg cocok utk menghilangkan penat stlh rutinitas yg melelahkan,kondisi alamnya yg asri dan sejuk juga dengan fasilitas yg memadai. Gak rugi deh kalo dtg ke sini.",1
Cocok untuk penyuka pungli,2
"Masuk per orang 7500, mobil 10rb. Masuk tiap spot tempat untuk foto Rp10rb, jangan kaget kalian foto di 10 spot bisa 100rb/orang. CATET YA PER ORANG.!! Kalo foto di pepohonan pinus nya mah GRATIS. â€¦",0
"cocok acara gathering. Jalannya lumayan menanjak. Tempatnya sejuk, luas. Sewa tempatnya juga sekalian makan siang dan snack, kopi. Makanannya enak, toiletnya terjaga. Tambahan perlu dibuat gazebo utk tempat neduh.",1
makanan disana berasa makanan di restaurant. mahal. tapi pemandangan nya bagus dan cocok buat nongkrong atau camping sama keluarga,1
"Jalan kelokasi jalannya lumayan bergelombang.
Pakai mobil ber -7 masuk ke pintu gerbang pertama bayar 65rb. Kemudian agak nanjak ke atas lagi masuk pintu gerbang ke - 2 masuk lokasi pemandian air panas 7 â€¦",0
"Buat yg mau kesini mending pikir2 yaa punglinya parah, gate 1 gate 2 parkir beda beda bayarnya hadeh kapok mending cari tmpt wisata lain yg lebih rasional",2
Gunung Pancar adalah salah satu destinasi wisata yang ada di Bogor.Â Pepohonan yang berjajar rapi dan lebat menjadikan suasananya terasa teduh dan sejuhk karena  sinar matahari yang tidak gampang masuk. Karena tempatnya yg sejuk dan bagus sangat bagus instagramable,1
"Udah paling bener jangan kemari banyak pungli , banyak jagoan dikampung sendiri,kaga yg muda kaga yg tua. Pemda kemana nih?? Tutup aja udah wisatanya kaya curug bidadari. Apa harus dikirain biar pemda bergerak. Saran saya kalo kemari yg pungli direkam terus viralin.",2
"Tempat rekreasi kacau dan harus di rombak..
Pos pertama 10 rb per orang cm numpang lewat aja
Masuk pos kedua pemandian 20 rb per orang â€¦",2
"Tadi malam rencana mau berendam ternyata banyak pungutan di pos 1 kita di mintaiin karcis 10.000 / org ,terus di pos 2 kita di mintaiin kembali 20.000 /org , blm lagi mau berendam di kenakan biaya 10.000/org ,belum biaya parkir , kami sampe balik lagi ke Jakarta ,ternyata disini banyak punglinya",2
"Kacau punglinya ampun2an, banyak banget orang males kerja disni nih. Mana ngecampnya buset deh mahal banget segitu bawa tenda sendiri",2
"Sebenernya Gunung Pancar relatif biasa aja, cuma sejuknya udara jelas bikin nyaman. Tapi harus diakui mulai muncul beberapa spot bagus yang cocok buat foto. Pengelolanya harus di apresiasi. â€¦",1
"Masih disekitaran area bogor kab. Nih guys....
Deket Sentul punya cerita
Enak tempatnya â€¦",1
"Pantesan sepi
Gak photo spot aja suruh bayar â€¦",2
"waduh liat review bnyak pungli, pdahal pengen kesini motoran skitan 10tahun lalu kesini",2
Semoga pungli segera musnah. Pengen liburan malah kesel sama preman yang suka pungli.,2
"Masuk bayar dihitung Rp 9.000/org sm petugas jaga padahal diplang tertulis jelas per org 5000. Masuk parkir bayar lagi Rp 10.000/mobil. Tiap spot foto bayar.
Tetapi kalau duduk makan di sana enak..bisa bawa makanan sendiri jg boleh.",2
"Udah lama ga kesini
Kesini singgah bareng keluargaðŸ‘Œ â€¦",0
"Tempat yang indah dan banyak pepohonan yang tinggi ,the best banget si, trus tempat pemandian air panas nya rekomend banget ,the best lah buat liburann, yang suka ngedaki juga",1
"Pemda ambil alih manajemen lah, sayang tempat sebagus gini pengelolaannya busuk. Pungli doang tempatny tetep ga di urus",2
"Nuansa alam sekali, cocok untuk menghilangkan kejenuhan, harus pinter cari spot biar dapat pemandangan yang bagus karena ada beberapa tempat yang kurang terawat. Untuk kebersihan kamar mandi lumayan, untuk musholla nya menurut saya terlalu â€¦",1
"Tempat yang bagus untuk camping/berkemah. Bisa outing bareng keluarga sekedar refreshing nikmatin alam.  Atau bisa dijadikan tempat explore alam buat organisasi.  Sangat bagus, tempatnya bersih,  sejuk,  dan airnya segar sekali.  Kita diajarin bagaimana cara merawat alam dan bisa menikmati keindahan alam. Selamat berpetualang.",1
"Letaknya yang diapit oleh pegunungan, membuat Bogor memiliki hawa yang sejuk dan menyegarkan. Beragam destinasi wisata alam pun banyak ditemukan di kota hujan ini. Salah satu kawasan wisata yang cukup terkenal di kalangan masyarakat yakni â€¦",1
Tiket masuknya tergolong murah skitar 7500.disini banyak spot spot foto yg berbayar. Masuk salah satu kawasan untuk berfoto dikenakan tarif 25k/orang sudah bisa foto sepuasnya dengan pemandangan dan properti ala ala yg biasa ada di hutan â€¦,1
Pungli nya banyak bgt.. Ke pemandian air panas bisa 4 kali bayar. Gila.. Tempat wisata bogor yang sama sekali tidak direkomendasikan... Tempatnya juga kurang terawat. Kapok ke gunung pancar bener2 bikin kapok,2
"Tempat cocok buat healing dan gathering, ada hutan Pinus nya penyewaan hotel standar dan low price , pemandangan bagus adeeemmm",1
"Kalo kalian mau nyari pungli, disini tempatnya ðŸ«¢ tiket masuk 20rb ðŸ«¢ padahal pake motor dan ga dikasih tiketnya ðŸ˜ â€¦",2
"Gunung Pancar memiliki objek dan daya tarik wisata yang cukup menarik, yaitu pemandian air panas, makam keramat mbah putih yang di anggap sebagai leluhur oleh warga setempat dan menikmati pergelaran kesenian tradisional daerah. Kegiatan â€¦",1
"Tempatnya lumayan sejuk dan gak terlalu jauh dari Jakarta,bisa foto2 cantik dan instagramable disini,tiket masuknya lumayan murah,tapi di dalam sering kehabisan tempat parkir",1
Rivewnya pengunjung bnyk pungli auto cari yg Laen ..anyepin nyook,2
"salah satu tempat yang cocok intuk dikunjungi saat liburan baik bersama keluarga, sahabat ataupun pacar dan gebetan yaitu wisata gunung pancar di bogor, banyak tempat untuk swafoto bersama kerabat yang kita ajak ke tempat wisata tersebut. â€¦",1
"Baca dari review banyak pungli, ga jadi ah kesini manusia serakah.",2
Banyak banget pungli nya. Ini sih tinggal tunggu tanggal tutupnya kalo ga dibenahi.,2
"Lewatin 4 pintu..
Pintu pertama  20k
Pintu kedua dan seterusnya sama paling murah 10k, pintu masuk pemandian air panas 50k trus masuk lagi 10k.. itung dah biaya sendiri.. tempat tdk sesuai harga",2
"Biaya masuk udh kena digerbang, parkir pun kena lagi ... Kalo kesini siap2 kena pungli aja si, mana jalan kelokasinya ancur2 an, sampaipun kena pungli, Dinas Pariwisata tolong dong dikelola dengan baik",2
Sejuk dan hijau. Banyak banget spot bagus buat photo. Cm terlalu banyak pungli. Tp ya lmyn deh buat referensi wisata penghilang penat tanpa harus bermacet ria.,2
"Tempat wisata yang alami , banyak spot photo nd pemandian air panas juga ...
Better pas musim panas yaa , biar jalan kaki nya lebih asiik",0
"Rame...
Ada pemandian air panas... â€¦",1
"Parah...
Punglinya kebanyakan..
Padahal kalau di kelola secara profesional oleh pemda .. â€¦",2
"Udaranya sejuk, pemandanganya nyejukin mata bgt, cuma 1 jam dari cibubur, bagus untuk foto2.",1
"Kmren camp dsini  enyakk bgtt...
Makanannya jg enak dan terjangkau..
Trek nya jg ga susah..hihihii",1
"Tempat yang menyuguhkan suasana alam yang asri. Dengan udara yang sejuk, banyak pohon pinusnya. Tapi sayang beribu sayang dan teramat di sayangkan,tidak hanya tempat ini saja, tempat2 wisata disekitaran itu juga yakni salah ""URUS"". Coba â€¦",2
"tempatnya sejuk, tiket masuk standar untk daerah bogor, hutanya masih sedikit kotor, pungli juga bnyk, untuk foto Preweding, gathering engk cocok, engk recommend",2
"Tmpt yg sejuk asri tmpt wisata alam yg cocok untuk keluarga,yg di kelilingi hutan pinus",0
"Parkir motor 20rb hari minggu/motor,tempatnya panas gersang,penjual makanan mehong2 harga paling murah garuda rosta 3rb untuk rasa tidak ada yg enak,untuk spot foto paket 35rb/orang,untuk satu tempat foto 10rb/orang,untuk foto pakai dslr â€¦",2
"Salah satu tempat2 wisata yg masyarakat pilih yaitu di gunung pancar terdiri dari hutan pinus,outbound, dan bukit batu hijau gunung pancar",1
"Lokasi lumayan
Masuk gerbang pertama 2 orang 15000
Belum parkir ya
Terus tiap spot foto berbayar .",0
Malas bat tiap pos di mintai uang 20k... Jalannya jga ngga bagus banget... Fasilitas kebersihan kurang... Tpi oke lah pemandangan nya... Mending ke Jungleland,2
"Tempatnyaa sangat bagus dan indah pas untuk foto"" bersama teman dan pacar.  Tapi sangat disayangkan buat foto ditempat"" yg disediahkan kita harus membayar 10.000 untuk 1 tempat.",2
Pengelolaan yg ga jelas telalu banyak pungli padahal cuma lewat...,2
"Sekilas tentang Gunung PANCAR yg terletak di KecamatanÂ Citeurep kab Bogor,  Gunung Pancar terletak pada ketinggian 300â€“800 m dpl
dengan topografi landai sampai bergelombang terjal dengan kemiringan sekitar â€¦",0
EMG bener banyak pungli barusan kesana,2
fasilitas foto berbayar menggunakan hammock.,0
"Cocok buat santai bareng keluarga, walau akses cukup terjal dan sempit tapi ada parkiran yg cukup luas
Di bawah rame banget krn banyak spot foto instagramable â€¦",1
"Tempatnya sejuk banget, anak2 pun betah main disana..",1
Cocok untuk orang penyuka pungli,2
"Enak buat ngadem. Tidak bebas untuk foto di setiap background nya kita harus bayar. Yg membawa kendaraan mobil,enaknya parkir di pas pintu, jalanannha hanya pas buat 1 mobil , mending memilih untuk jalan dan kondisi jalan nya kurang bagus.",2
Tempat yang sangat cocok untuk liburan singkat bagi warga jakarta. Disini terdapat hutan pinus dan pemandian air panas yang bisa dinikmati pengunjung. Jika ingin kesini sebaiknya menggunakan kendaraan pribadi karena lokasinya jauh dari â€¦,0
Tempat nya sih bagus hutan pinus nya cantik tapi sayang banyak pungli nya,2
"BANYAK PUNGLI NYA . Pintu pertama bayar , pintu kedua bayar lagi yg lumayan banyak. Masuk pemandian bayar lagi . Terus fungsi bayar pertama sama kedua buat apa kalo kita masuk ke pemandian bayar lagi . Hati-hati  ya banyak bayarnya
Dan yg terkahir parkir pun di minta lagi .. wowwwwww banget luar biasa",2
Tempat yang menyenangkan ada pemandian air panas nya yg punya penyakit gatal bisa datang ke sini,1
"Abis dari puncak sekalian aja mampir kemari, palingan cuman setengah jam doang, tempatnya bagus, masuk gratis tapi keluarnya baru bayar hehehehe â€¦",1
Cocok buat perkemahan dengan pohon yang rindang dan pemandian air panas yang enak,1
"Pemandangan indah alami, sayang akses jalan dan retribusi masuk perlu perbaikan, 3 kali retribusi (1 tanpa karcis) perlu disesuaikan dg fasus dan fasumnyaðŸ™ðŸ™ â€¦",1
"Tempat nya sejuk,adem bnget.buat rekreasi keluarga pas bnget,lengkap tempat nya",1
"Karena saking banyaknya tempat foto malah bikin berantakan, belum lagi sampah berserakan dimana-mana, punglinya paling gak nahan, entah preman darimana itu semua. â€¦",2
"Tempat rekreasi yg murah meriah,tiket masuk cuma sepuluh ribu,pohon pinus yg masih banyak bener"" jadi spot foto yg  bagus,sayang aksesnya kurang terawat,jalannya rusak,tidak di sarankan bawa mobil yg berbody lebar karena jalan sempit,terlalu banyak pedagang terkesan semrawut",2
"Hanya 2 jam dari cipete, udaranya seger, murah meriah seger",1
Dengan keindahan pemandangan yang alami dan indah. Menjadi destinasi ini harus dicoba dan buktikan sendiri,1
"Seperti brada di d film twillight.... penuh hutan pinus menjulang tinggi...dan suara hewan tonggeret yg menghiasi... adem, bnyk spot photo menarik.. dan ada pemandian air panas...",1
"Tempat liburan dengan view hijau dan pohon pinus terdekat dari jakarta, biaya masuk 5000 per orang dan 10000 tuk mobil. Cukup menyegarkan udaranya namun sayang jalan menuju ke lokasi masih belum baik.",1
"Tempat kemah yg aman, dengan ornamen pohon yg rindang cocok camp family",1
Tempat camping dan outdoor view yang sangat bagus untuk,1
"lumayan buat pemula, cuma diujung kurang menarik soalnya diatas sana hanya ada makan. dan viewnya yang cakep pas dipertengahan",1
"Banyak pungli, jadi males mending ke ciater/ciwidey sekalian",2
Gunung 'terdekat' dari Jakarta. Daerahnya dingin. Pohon pinus-nya rindang. Bagus untuk foto prewed. Sayang parkirnya sedikit susah dan sempit. Jalanan menuju ke sini agak susah. Perhatikan kondisi kendaraan.,2
Tempat yang luar biasa buat pecinta Alam,1
"Cari spot yang pinggir tebing aja. Price hanya Rp 20.000, kalau yg tengah hutan Price nya Rp 35.000 s/d Rp 40.000",0
Bagus bangeet utk hiking seru bersama keluarga! Mau kesini lagiii,1
"Cocok utk acara gathering , tempat nya nyaman dan sejuk ! ga nyesel",1
"Fasilitas umum terutama toilet tidak bersih dan kurang banyak jadi membuat antri,tempat parkir mobil licin,berlumpur tidak rata karena banyak akar pinus dan bekas aliran air hujan..jalan aspal banyak yg rusak..",2
Indah banget gaes dijalannya.. kalo di tkp nya sendiri aku kurang suka sih... Yang pasti jalanan menju gn pancar bkin nyaman. Sejukk…,1
"bawa family kesini tuh asik banget untuk pilihan wisata outdoor.. bawa makanan sendiri juga bisa.. tp ya kalau mau duduk di tiker yg sdh disediakan bisa tanya dl harganya berapa, kdg uda tny ajh endingnya suka ada kejutan sih hehe.. ada HTM-nya tapi ok lah untuk nikamatin suasana seger yang ga terlalu jauh dari Jakarta.",1
"Wisata pungli, ga akan pernah lewat sini lagi. Thanks",2
"udara yg sejuk, view memanjakan mata, cocok buat gathering club/family",1
Pemandangannya indah. Banyak pohon pinus. Anda bisa menyewa hammock seharga 25rb (beda beda). Dan bisa menyewa tenda dgn 75rb/org,1
"Ksni krn cuma mau naek hamcock wkwkwkkw ... seneng aj si jln2 k alam gini dr pd mall yg notabene gt gt aja  . Dsni emg bnyk spot foto , spot foto rekayasa dn itu bayar paketan gt   .. klo w si cuma mo foto d hamcock aj jd ga bayar mahal â€¦",1
"Tempat nya asli bagus tapi kalo mau foto semua2 nya harus bayar wkwkw foto di satu tempat 10000 rb tapi kalo paketan 8 tempat 35 rb parkir 10000
Disarankan tidak weekend, tanahnya merah jangan pakai sandal atau sepatu warna putih",1
Tempat sekeren ini sayang banget kalau orang bogor ga kesana. Aku kesana kemarin dan sumpah keren banget. Tiket masuk pertama 30.000 untuk motor. Next sampenya di dalam kita di tawarkan untuk mengunjungi 8 tempat spot foto yaitu seharga â€¦,1
kadang kita suka bosen kan kalau jalan-jalannya bareng temen ke mall lagi mall lagi. â€¦,1
"Memberikan pemandangan yang indah, udara sejuk, lengkap berlibur di sentul",1
Jangan mau kesini sumpah banyak pungli nya !!!! Tolong pemda brantass !!!,2
Tiket murah bs melihat hutan pinus dgn bnyk spot foto dn tmpt kumpul kluarga.,1
Banyak pungli...khas destinasi wisata di Jabar ðŸ¤ª â€¦,2
"Cocok bnget buat acara gathering bareng org kantor, syuuka bnget pokoknya",1
"Wisata alam yang ditumbuhi pohon-pohon pinus, pemandangan dan udara pegunungannya merupakan pilihan hangout.",1
Tempatnya sederhana tapi bagus utk foto2,1
"+ Akses tidak terlalu jauh dari jakarta
+ Harga makanan standard saja untuk ukuran tempat wisata
+ Lokasi wisata yang indah dan asri â€¦",1
"Jalannya jelek, tempat agak kotor.",2
"Pemandangan dari tempat ini bisa dibilang bagus, memanja mata.
sayang nya terlalu padat akan pengunjung, jalan sempit, parkiran susah
dan terkadang tidak ada angin lewat, sehingga terasa panas~ â€¦",1
"Tempat wisata yg sangat indah ,Udara sejuk,Parkir luas, di Hutan Pohon Pinus,Cocok untuk liburan Keluarga.",1
Saya mengunjungi lebih khususnya pemandian air panas gunung pancar.. tmptnya hangat sekali.. cocok untuk membersihkan kulit.. ada juga pemandian utk sendiri berbentuk kamar mandi(tp byr lg 30k). Tiket masuk pemandian hanya 5k tp krn masuk â€¦,1
"Banyak pungli, tempat ga asri lagi malah jadi spot2 alay. Ga rekomended
Pas pertama kali kesana masih enak sejuk, bayar pun hanya 10rb udah ga bayar lagi, tp sekarang enggak banget apa apa bayar, banyak sampah, warung2 harga makanan ga masuk akal",2
"Saat berkunjung tgl 19/11/2019, itu hujan baru reda.  Becek, licin. Ada beberapa  motor yg tergelincir. Suasana nya berkesan sederhana.  Ada hutan  pinus yg diikatkan kain utk berayun ayun. Ada rumah2 kayu buat berfoto, dll.  Tempat  makan â€¦",1
Spot yang menarik buat yang suka berpetualang di pegunungan,1
"Tempatnya tidak terlalu jauh dr kota dan akses nya juga mudah, disini asri hijau sejuk cocok untuk berlibur bersama keluarga, banyak pohon pinus serta ada pemandian air panas nya.",1
"Mantap, udara segar dan menyenangkan. Rekomend buat kalian",1
"Tempat nya bagus.. Banyak banget spot fotonya buat eksis, tempat duduk nya juga banyak, warung jajanan juga tersedia..",1
Mantap tanjakannya....,1
"Tempat rekreasi keluarga di daerah Bogor. Selain bisa buat piknik, disini juga ada camping ground nya. Banyak spot buat foto2, biasanya dijadikan tempat buat foto prewed juga karena menyajikan pemandangan yg luar biasa cantik.",1
Gunung Pancar memiliki ketinggian sekitar 300â€“800 m dpl dengan topografi yang landai sampai bergelombang terjal. Kemiringan medan terjal gunung ini berkisar diantara 15-40%. Sementara bagian tertinggi puncak Gunung Pancar terletak di 800 m â€¦,1
Jalan ke lokasi sempit dan berlubang. Arena bermain untuk anak msh kurang. Banyak spot untuk sekedar selfie tp berbayar. Hutan pinusnya msh asri. Fasilitas lumayan lengkap. Minim tong sampah.,1
"Hutannya sejuk tempat kahnya luas, recommended yaa gaess",1
Cocok buat photogenic dan udara yg sejuk karena banyak pohon pinus,1
"Tempatnya bagus dan dekat dari jakarta, tapi sayang sekali terlalu banyak cost yang akan kamu keluarkan untuk sampai ke lokasi karena pintu masuknya berlapis lapis.Pintu pertama: 5 orang 50ribu termasuk mobil. Pintu kedua 5 orang 100ribu. â€¦",1
Jalan menanjak tapi ok buat gathering,1
Pohon pohon pinus nya kereen indah nan asri sejuk tentu nya,1
"Mungkin krn pandemi yg hutan2 pinus yg bagus malah ditutup, yg dibuka cuma spot2 foto doang. Parkir tarif flat bentar/lama Rp 10.000 dan tiap tempat berenti bayar parkirnya beda2.",1
"Wisata Alam Gunung Pancar ada di daerah Sentul, Bogor, tepatnya di Desa Karang Tengah, Babakan Madang, Bogor, Jawa Barat. Lokasinya dekat dengan tempat wisata Jungle Land, sehingga bisa dijadikan patokan. Cakeppp bangett!!",1
"Tempat yg cocok untuk cari udara segar dan masih dekat Jakarta, hanya aksesnya harus lewat jalan kampung",1
"Juni 2022 kesini, weekday sepi bgt",1
Hutan pinusnya bagus tapi sayang kurang terawat,1
"Asyik bgt tuk refreshing,ngajak anak2 ,walaw hanya liat dr dlm mobil krn takut sm corona",1
"TAMAN WISATA ALAM GUNUNG PANCAR  SENTUL BOGOR
tempat berlibur yang tidak terlalu jauh dari ibukota jakarta menawarkan destinasi wisata alam  yang indah dan menarik. taman wisata alam gunung pancar terletak â€¦",1
"Tempatnya sejuk bngat untuk ngilangin penat rutinitas di jakarta,ya walau ga terlalu jauh jga dri jakarta,tp lumayanlah.yg mau foto hrs bayar di setiap spotnya ya wajar sich.penduduk sekitar nyari pendapatan dri sini. â€¦",1
"Pemandangan hutan pinus yg lumayan bagus. Masih enak untuk latihan olah nafas. Harga tiket masuk resmi 7000/orang. Ada juga harga ketok, kalau malam bisa kena 25.000/orang, karena malas debat, ya kasih aja.",1
"Alam yang masih sangat segar, suasananya arsi banget",1
"Udaranya segar, tempatnya masih kurang pengelolaannya, toilet nya jauh dan kurang terawat ðŸ˜¢ â€¦",1
Tempat healing terindah & nyaman menyejukkan hati ðŸ˜Š â€¦,1
"Parah... Kebanyakan bayar karcis... Fasilitas jeblok.... Kapok... Kapok...kapok.....
Saran yg mau ke air panas gunung pancar... Sebaiknya d batalkan saja, auto nyesel...",1
"Biasa aja ya, jalan ke dalamnya begitu sempit dan menjadi biang kemacetan, suasana gunungnya sih dapat, tapi banyak pungli dan pak ogah di tiap jalan. Beda sekali dengan di Yogyakarta.",2
"Tempat jalan nya banyak yg rusak, setiap ada gerbang dimintain duit. Pertama masuk 20k mau ke pemandian air panas 50k udah gitu pas mau mandi lagi kena 10k/orang, mana parkir juga 10k. Kirain pas mau ke pemandian air panas 50k itu udah semua.",1
"Pengalaman paling tidak enak selama wisata di Bogor, yang menimbulkan sesal seumur hidup untuk masuk ketempat ini dengan keluar biaya 75.000 untuk 2 orang hanya bertahan 15 menit saja didalam karena gak kuat PUNGLI didalamnya semua â€¦",2
"Untuk tempat sekelas wisata tempat ini cukup buruk dan ga menarik yang pertama akses jalanan banyak yg rusak kedua spot foto banyak yg rusak dan terbengkalai,yang ketiga pungli nya buanyak bangett",2
Tempat Rekreasi yang Sangat cocok,1
Kurang recommend terlalu banyak bayar tiket masuk bisa sampai 4 kali membayar dari mulai gerbang msk hutan pinus kedua masuk gerbang air panas ketiga menuju ke kolam air panas dikenakan biaya lagi keempatnya parkir ðŸ˜… ..jalan menuju gn â€¦,1
"Sangat di rekomendasikan karna tidak jauh dari ibu kota, dan dekat dengan wisata Jungleland",1
"Gak ada papan arah bingung untuk yg pertama kali kesana, lokasi terbaik untuk foto jangan masuk tapi sebelum pintu masuk sebelah kanan",1
"Tempatnya Bagus dan sejuk
Buat foto foto juga bagus",1
"Jalanan jelek, banyak pungli, tidak terawat, hutan pinusnya bagus sebenernya cuma pengelolaan buruk",2
Lokasi yg cocok buat warga Jakarta yg ingin menghabiskan akhir pekan. Lokasinya tidak jauh dari Jakarta. Suasananya asri. Banyak dijadikan lokasi photo prewedd.,1
"Alam ny sejuk
Rindang
Mash asri
Pemndangan keren",1
Takjub lihat hutan cemaranya... Pohon2nya rapat... Sepertinya asik kalo nyobain camping disana ðŸ˜Š â€¦,1
Rekreasi dan petualangan yang tak jauh dari Jakarta,1
Tempat yang indah untuk liburan bersama keluarga,1
"Sangat tidak amat rekomen, jalanan rusak, bannyak sampah, tiket masuk perorang 10rb. Parkir motor 5rb, es kopi 10rb, es nutrisari 10rb, duduk di bale warung es nya bayar lagi 30rb wkwkwk",1
"Banyak pungli, dan kalau mau foto banyarnya nembak, padahal taman pinus ini milik umum bukan milik tukang foto tapi seluruh wilayahnya dikuasai",2
"Biaya tiket 30k untuk mobil dan 3 org tapi tidak ada tiket. Masuk ke dalam, utk pemakaian area santai kena biaya 20k. Harga makanan & minuman menurut saya over price. Kurang aman buat yg bawa anak kecil. Masih banyak yang perlu diperbaiki.",1
"Wah..ini salah satu tempat paling asik di Bogor. Tempat nyaman, pohon pinus, banyak tempat buat foto-foto, dan yang penting ada tempat buat ngopi ala barat di tengah rindang nya pohon pinus di iringi dengan akustikan. Sayang tempat nya cuman sampai jam 6 sore aja.",1
"Tempat wisata yang sangat tidak direkomendasikan. Banyak pungli, pdhl tempatnya punya view yang bagus. Sungguh mengecewakan. Tolong pemerintah setempat turut andil dalam mengatasi pungli.",2
"Payah tiketnya kagak jelas, kebanyakan retribusi",2
Perbanyak lagi wahana anaknya,1
Alhamdulillah..wisata murah meriah..yg dekat tudak macet.cuma sayang tiap kali masuk pos ada pungutan bayar masuk.tidak sekalian satu pos saja..,1
"Banyak Punglinya , lu belum masuk udah keluar banyak duit gk jelas. Pas pasuk tempatnya kumuh + Kotor , pokok nya mending ketempat lain ke timbang kesini , Pungli nya berlapis""  buat parkir mobil 50rb , buat foto 50rb  , renang 40rb / orang â€¦",2
Terlalu banyak pungutan. ApaÂ² bayar....,1
"Terkenal pungli pungutan setiap jalan, jalan rusak, eh mau balik mobil di mintan uang parkir, ruarvbiasa",2
"Tempat mahal, masuk gerbang pertama bayar 20k/motor, mau ngecamp aja ditembak harga 80k/orang gokil emang gunung pancar mending ke tmpt lain",1
seru buat anak anak di hutan pinusnya...seru buat bapak nya gowes...seru buat ibunya selfie an,1
"Setdah banyak pungli, bagus tempat nya cuma pungli nya itu haduh",2
"Lumayan buat refreshing,, ga terlalu jauh juga dr jkt",1
"Masuk bayar, parkir bayar, geser tempat parkir bayar lagi, foto bayar, toilet bayar, belum kalo mau maen air. Banyak sampah berserakan, warungÂ² ga teratur...contoh konkret tipikal tempat wisata kita. Pengelolanya mesti belajar cara ngelola tempat wisata",1
"Lokasi yg bagus , sayang pengelolaan nya kurang . Terlihat kumuh dan tidak terawat . Udah gitu banyak pungutan .",1
"Saya udah 4x kesini, biasanya punglinya masih wajar, giliran terakhir kemarin kesana saya bener2 kecewa, punglinya parah banyak bgt, dari depan udah ditarik 20k, parkir 5k, gazebo berbayar 30k padahal kita beli makan minum, spot foto â€¦",2
"Pungli nya banyak banget, setiap mau apa-apa aja bayar",2
"banyak bgt pungli!! saran saya si gausah kesini lah,biar kalo udah sepi punglinya pada tau rasa",2
Cakepppppp untuk prewedding sudah ada stage2 nya,1
"Kecewa banget bosqu, banyak banget punglinyaa, jalanan juga rusak, awal pertama masuk dipintain 35rb 2 motor, terus sebelum masuk pemandian air panas ditarikin lagi 60rb 3 orang, lalu bayar tiket masuk lagi ke pemandian air panas 30rb 3 â€¦",2
"Tempat wisatanya bagus.,nuansa alam terasa bangat. Tapi gak tau aja ya,kok pada banyak pungli ya.pos pertama di mintak 20ribu klo naik motor pos kedua di mintak lagi 20ribu per orang.di tempat pemandian air panasnya bagus.,tapi di kenakan â€¦",2
"Suka bgt dengan hutan pinusnya...
Apalagi ada Taman bermain di tengah hutan yg menurutq unik & keren bgt",1
"Tempatnya cocok buat hunting foto bagus adem, pass untuk bersantai",1
jangan ke sini banyak pungli,2
"Gunung Pancar adalah sebuah gunung yang terletak di Kecamatan Citeureup, Kabupaten Bogor, Jawa Barat, Indonesia. Gunung Pancar terletak pada ketinggian 300â€“800 m dpl dengan topografi landai sampai bergelombang terjal dengan kemiringan â€¦",1
Pemandangan yang asri. Tidak sangka dekat dari jakarta.,1
Ini tujuan wisata yg banyak punglinya yang ngga punya OTAK !!!  ngga jelas!!!.serba bayar sama sini !!! Contoh sblm masuk gerbang utama cuma beli minuman di warung mesti bayar parkiran 15rb...Pas masuk gerbang utama 2 dewasa 1 mobil bayar â€¦,2
"Gak rekomended, setiap melangkah kena pungli. mending kalo spotnya kayak bali + tempat permandian air panas. Yang ada malah kotor + tempat permandian airnya kayak kopi susu ðŸ‘ŽðŸ‘ŽðŸ‘Ž â€¦",2
Pohonnya masih rindang yg bikin adem,1
Suka banget kesini .. Berkali kali kesini gak ada bosen nya .. Di atas nya juga ada pmndian air panas dan terapi ikan .,1
"pungli dimanaÂ² yg merugikan tidak sesuai dengan ekspektasi pengunjung.. saya tidak rekomendasikan tempat ini, jelek, banyak sampah.. ini tempat wisata atau ajang nyari untung gede tapi tempat gk di kelola ?",2
Bagus buat liburan buat keluarga,1
Mantapnpemandangannya indah,1
Waktu pertama ke sini th 2008 pas pada waktu itu masih sepi,1
"Gunung Pancar adalah sebuah gunung yang terletak di Kecamatan Citeureup, Kabupaten Bogor, Jawa Barat, Indonesia. Gunung Pancar terletak pada ketinggian 300â€“800 m dpl dengan topografi landai sampai bergelombang terjal dengan kemiringan sekitar 15-40%",1
"Antara suka dan tidak suka, mostly suka banget kalo kalian liburannya di camping ground gunung pancar!! Jadi, ada dua sisi hutan pinus yang di kiri dari pintu masuk di kelola oleh warga, jadi ya wajar... Mereka mencari penghasilan dari â€¦",1
Kalo naik sepeda cuma bayar masuk 10rb,1
Banyak pungli nya ..masuk bayar 10rb . Parkir bayar 10 rb . Foto per orang 35 ribuðŸ‘Ž â€¦,2
Pemandangannya sangat indah,1
"Tempat yg sangat indah untuk rekreasi, melepas penat. Bisa bersama kekasih atau keluarga agar lebih indah lagi",1
Hutan Pinus yang gak terlalu jauh dari pusat kota,1
"BANYAK PUNGLI!!!

Tapi lumyan Enak sih, jadi disitu tuh hutan pinus tapi ada banyak spot-spot buat â€¦",2
"gn pancar yg sekarang NOT rekomendasi banget, kecewa parah banyak pungli , masuk gerbang utama 20rb per motor udh gitu di stop suruh parkir di paling bawah wkwkwk untung gue pinter bisa nolak . kasian banyak yg ketipu parkir di paling bawah â€¦",2
Wisata pungli khas bogor,2
Masuk pintu 1 mobil 5 org .35.000 masuk pemandian 100 rb. Mandi 100 rb. Foto2 1 spot 10.000 per orang.... Waduhhh pak gubernur ... Wisata nya mahal .. cuma biasa aja tempatnya..,1
"Skrg gunung pancar lebih hits, tp lebih alami dulu di banding skrg, tp pemandian air panas nya msh tetep alami... ðŸ‘ðŸ‘ â€¦",1
"Sayangnya di bogor banyak wisata yg banyak punglinya, jalan macet, jd  niat refreshing malah jadi repressing, mending wisata berbayar sklian yg jelas, wakkkkk..",2
Bagus pemandangan nya.. tp terlalu banyak tiketðŸ˜ðŸ˜ðŸ˜ â€¦,1
Kata org2 bnyak pungli. Gw bantu ksih bintang 1.supaya tmpat wisata gk trlalu bnyak pungli,2
"Sangat kecewa, banyak pungli... 1 motor 2 orang. Gerbang utama bayar 20 ribu.  Masuk gerbang pemandian air panas 45ribu untuk 2 orang. Jarak 50 meter masuk pemandian air panas bayar lagi 1 orang 10 ribu. Gilaaaaa..... mahalnya akhirnya ngak â€¦",2
"Kapok, jalanan parah banyak rusak. Punglinya ber jamaah. Tiket masuk 7500x5org, jd 50 rb,didalam geser kendaraan dikit bayar parkir lagi mau foto2 bayar, mau kepemandian air panas bayar 3x..pokoknya dikit2 duit klau ga mau berantem. makanan â€¦",2
"HTM 30rb 1 orang, parkir di dalem 15rb untuk mobil, mau foto"" bayar lagi star 30rb, mau ke pemandian air panas bayar lagi gatau deh berapa,, intinya  SERBA BAYAR u kentut ketauan juga suruh bayar x wkwk ,, ini pengelolanya gimana ya ga bisa ngatur amat ..",1
"Nyaman ,tenang alam pegunungan ,mandi air panas mineral untuk teraphi segala macam penyakit",1
"Terlalu banyak pungutan,,mau masuk udah bayar 20rb/motor,,,mau masuk ke air panas kena 45 RB,,,parkir 5rb,trus mau mandi diair panasnya kena lagi 10rb perorang,,,mudah2an pemerintah mendengarkan keluhan para pengunjung,,atau kawasan akan mati dengan sendirinya Krn g ada yg datang,,,",1
"Padahal tmpat ini menjadi kenangan saya dan teman teman sma saya, dulu gaada pungli sama sekali karena tempat belum ramai/terkenal seperti sekarang ya paling cuma bayar untuk masuk lokasi. Liat reviewnya jadi segan untuk kesini lagi",2
asik buat sepedaan jalannya .sayang aspalnya banyak bumpinya.. harus extra hati hati buat yang mau riding bersepeda kesini,1
"sip,,, mantapp pemandangannyaðŸ˜š â€¦",1
"Banyak pungli, mending ketempat lain aja",2
"Bagi yg belum pernah, disini intinya kita sewa tempat buat foto. Jadi kita bayar masuk ke hutan perhutani, tempat fotonya milik penduduk setempat bayar lagi.",1
"Harus banyak dibenahi sama pihak yang terkait perihal pungli,  terlalu banyak uang retribusi yang harus dibayar sampai tempat pemandian air panas pun harus beberapa item(karcis) yang harus dibayar sementara fasilitas apa adanya bahkan â€¦",2
"Dilihat di medsos banyak yang selfi-selfi cantik di sini, tapi sayang ternyata ketika ke sini langsung, tempatnya kecil, jalanan nya pun kecil. Hanya ada spot2 untuk berfoto-foto saja di hutan pinus, itupun sempit. Apalagi kalau weekend, â€¦",1
"Mahal, kotor, banyak pungli lagi dah tutup aja tempat wisatanya",2
Gunung yg berada di puncak bogor,1
"Banyak pungli,,no recomended,,,harus nya Pemda setempat menertibkan punglinya jangan seolah2 g tau apa2",2
"Yang belum kesini mending cari tempat lain di jamin nyesel,banyak pungli dan fasilitas tidak sesuai,setiap 1 spot foto pasti bayar lagi,pemandian air panansnya kaya empang lele kumuh sekali bosquuuu ðŸ¤¦ðŸ˜°ðŸ˜° â€¦",2
Indah pemandangan hijau nya,1
Lokasi cukup strategis tempat parkir mudah dijangkau namun cukup banyak sampah disekeliling,1
"-Tiket masuk dinaikan dari harga yang tertulis.
-jalan masuk rusak dan gak terawat
-tempat jualan sembraut dan banyak sampah â€¦",1
"Awalnya saya melihat dari google maps nyasar, dan tidak jadi kesana. Hari selanjutnya saya memberanikan lagi kesana, berpatokan dengan jalan yang dikatakan oleh orang yang sudah pernah sampai kesana. Jalan menuju kesana cukup mudah, â€¦",1
"Jauh jauh kesana bawa bayi,,, jalan nanjak penuh dengan kesabaran niat mau memanjakan diri malah dikecewakan dengan tempat pemandian yang kayak kolam ikan di sekat-sekat. . . â€¦",1
Penuh kearifan lokal khas jawa barat,1
"Parah niyh tempat wisata ini..ati2 deh klo mw ksini..banyak bgt pungli, tempat g terawat, jorok, gubuk2 bnyknyg reot..jjaanan mahal, kebnayakan preman..mudah2an pihak terkait segera mmperbaiki pungli2 ini..klo g pasti viral niyh..dan org2 dsana jg yg rugi",2
"Tempatnya bagus, banyak pepohonan hijaunya juga. Untuk masuk perorangnya dikenakan biaya 5k. Karena waktu itu saya naik motor ber2, jadinya 15k (dengan motor 5k). Disana juga disediain spot foto, cuma kalau mau pake aksesoris dikenain biaya â€¦",1
"Kang Potografernya Bad Attitude.
Dari pintu masuk sampai ke lokasi banyak punglinya, yg jaga pintu masuk juga minta uang masuk kayak mau malak sampe2 motor dipegangin dikira mau kabur apa ya, â€¦",2
"Gak rekomended banget, masuk pintu utama 20rb permotor, trus ke pemandian air panas pintu ke dua 45rb permotor, mau mandi ada pintu bayar lagi 10rb permotor, udah bayar banyak, berharap tempatnya bagus.. Ternyata zonk.. Cuma ada 2 kolam â€¦",1
Hate-love relationship deh kayaknya sama tempat ini. Jujur view dan lokasinya oke. Cuman yang buat gak nyaman itu pengunjung harus bayar apabila ingin foto di spot yang ada. Kadang juga penawar jasa fotonya terlalu sering menawarkan jasa â€¦,1
"Bagus tempat nya, cuma banyak yg mintain duit aja, mana jalan nya banyak yg rusak",1
"Pernah ngecamp disini, and kamar mandi nya lumayan enak dan airnya bersih, waktu itu sekitar tahun 2019",1
"Masuk kawasan htm 20 ribu 1 motor . Ga di ksih tiket lagi hadoh.
Parkir hnya boleh yg ada tmpt parkir 5 ribu.
Mau2 fto2 HARUS nyewa orang dari 35 ribu sampe 50 ribu itu juga pake kmera KITA SENDIRIi.. Klo pke kmera dr guide nya 5 ribu 1 fto.... weww....",1
"Tracknya asik, ga jauh dr jakarta",1
"Kesana pas malam, sepi, nyaman klo mau meyendiri...",1
"Sebenarnya ini tempat bagus, cuma pengelola aja yg payah.. Harga mahal dan terlalu banyak mengambil keuntungan udh gitu maksa banget. Banyak pungli juga hahaha",2
"Masih banyak pungli,Masuk pertama bayar.
Trus parkir dibawah pohon bayar.Poto dibawah pohon bayar.Yg parah beli makanan diwarung trus duduk di belakang warung bayar 30 RB per jam.Foto di spot2 yg tersedia bayar 1 org kena 50 RB untuk 5 spot Poto.",2
"Akses jalan rusak menuju lokasi.
Banyak pungli.
Mau pemandian bayar sampai 3x.",2
"Sangat mengecewakan untuk foto prewed yg di alam pun (bukan tempat rekayasa buatan) harus membayar diatas 200 ribu, dan belum pungli pungli yang lainnya. Huhu bener bener ga masuk akal",2
gaseasik dulu banyak spot fto tapi semua bayar mengecewakan sih karna membuat kita tdk bisa fto2 secara gratis,1
"Tempat nya sejuk, Banyak Spot Foto nya juga",1
Boong banget itu 4 bintang klo pengelolaan nya msh buruk dan banyak pungli dijamin sepiiiii edan td pagi parkir aja bayarnya 15 ribu sampah dimana2 parah memang pemerintah bogor tutup mata,2
"Gunung Pancar merupakan sebuah tempat wisata yang menyajikan pemandangan hutan pinus alami serta pemandian air panas.
Di ketinggian sekitar 300 â€“ 800 mdpl ini, Anda dapat menikmati pemandangan serta â€¦",1
"Sebenarnya jika dikelola dengan baik, dan preman kampung (maaf) bisa diorganisir agar tidak banyak pungli bisa jadi destinasi wisata yang cukup baik. Akses jalan pun hanya lewat perkampungan warga yang rusak, dijamin pulang siap pegal-pegal. Tapi air panasnya cukup buat ngurangi penat, sayang fasilitas toiletnya kurang.",2
"Hari ini kesana,dan nggak akan kesana lagi ðŸ™ðŸ™. Lokasi hutan pinusnya oke banget tapi komersil abis. Kita kirain hanya sekali bayar di pintu pertama (2 dewasa+2 anak kecil = Rp. 60ribu), waktu lanjut ke pemandian air panas, bayar lagi total â€¦",1
Tempatnya cakep2 banget buat foto. Adem juga udaranya.,1
"Tempat idola walaupun hutan pinus tp view N spot ftnya bagusÂ² jajanannya standar, hrg standar, masuknya byr 10rb perorg, parkir 10rb, utk ft pakai jasa org sana perorg 30rb. 5 tempat spot ft, bebas berkaliÂ² jeprat jepret",1
"Banyak pungli nyaa.
trus tempat buat ganti baju  masa gak ada aer sama wc nyaa bau pesing lagi
Di tempat pemandian rame"" kurang puasss â€¦",2
"gunung pancar bogor, keren, apalagi bagi kalian yg kena penyakit kulit, di jamin sembuh, air belerang lansung dari gunung pancar",1
"masuk lokasi doang bayar 10rb
Ke pemandian bayar 20rb
masuk pemandian 10rb â€¦",1
Pemandangannya bagus banyak pohon-pohon pinus yang menjulang tinggi sehingga cocok untuk berfoto atau berselfie ria.  Ada pula tempat pemandian airpanas yang bisa kita nikmati dengan tarif untuk Kolam 100.000/jam Ada model bak Mandi seharga â€¦,1
"Punglinya ga ngotak, semoga bisa sepi, biar sadar tuh pungli sama harga yg mereka patok, mending bagus tempatnya, ga ada yg bisa dinikmatin, ga bakalan dah ada niat aja engga buat kesini lagi. Yg mau coba ke sini, mending jangan dah, cari tempat laen aja.",2
Akses jalanya mejunu gn pancar masih harus di perbaiki lagi dan tempat spot fotonya kere,1
"Typical wisata di Jawa Barat, banyak bang jago punglinya, mendingan ke Jawa Tengah deh, tiketnya murah, karcisnya diberikan ke kita",2
"Tempat wisata kok pungutan nya banyak banget ? Ada yg ngaku dari perhutani lah , dari pemda lah .. tempat berendam nya juga kaya tempat mandi bebek, pesen kopi kapal api 1 gelas 10 rb padahal waktu itu saya rombongan alhasil utk kopi aja â€¦",1
"Dulu pernah foto buat buku tahunan SMA. Padahal cuma foto-foto dan belum masuk gerbang tempat wisatanya. Tapi ditagih pungutan sampai ratusan ribu. Parah bener, kapok deh dateng ke sini",1
"Masih semrawut banyak bangunan liar
Spot foto serba komersil
Masih banyak yg ga bisa diinfokan â€¦",1
Tempat wisata yg banyak komersilnya  ...dari masuk bayar Rp 20.000 tapi tanpa tiket / tanda terima.....mau foto di tempat2 yg sudah disediakan harus bayar .....padahal pake HP sendiri motonya...ada.paket poto lah..kata yg jaga disana..jadi klo moto harus cari spot2 tersendiri...,1
"Not rekomended, wisata penuh pungli dan harga masuk yang tidak jelas, bikin kapok, sebelum dibenahi lebih baik ke tempat wisata lainnya saja.",2
"Batal ga jadi kesini wkwkwkwk reviewnya banyakan yg kecewa karena pungli,, hallooo pengelola,,,
perbaiki dooong",2
Rekomendasi buat acara gathering,1
"Menurut saya terlalu buruk pengelolaannya.
Mentang2 dekat dari jkt. Terus semuanya serba mahal.
Saran saya mendingan sekali bayar tapi untuk semua. Tiket parkir air panas â€¦",1
"SANGAT KECEWA..BANYAK PUNGLI..MASUK AREA GUNUNG PANCAR BAYAR 10rb ,Parkir Di Pemandian air panas 20rb/motor. Dari parkiran masuk pemandian umum bayar lagi 10rb..ruang ganti non toilet 2rb. Kalau kolam atas 100rb/jam. Fasilitas kotor bgt..pokoknya sangat mengecewakan belum lagi makanan dan minumannya mahal. Akses jg jelek parah.",2
"Awalnya saya pin di google map untuk next destinasi liburan sm keluarga. Setelah lihat banyak review group camping di FB dan baca lansung ulasan di Google Map.
Terpaksa harus sy hapus Pin google map saya. â€¦",1
"ga sesuai dengan aslinya. Sempit, apalagi jika kesanaa bakal banyak pungli. Udah masuk  bayar lalu didalam bakal diminta uang lg. lalu untuk pemandian air panasnya sangat2 buruk. kebersihan kurang. Kotor. Ga sesuai dengan apa yg dibayar. â€¦",2
"Tips untuk yang mau pergi kesana

Biaya masuk 15rb untuk motor â€¦",1
"Lokasi untuk camping ceria, cocok buat yang mau santai namun suasana seperti camping di gunung. Ada penyewaan tenda juga disini, dan udara disini cukup segar tapi gak dingin loh ya.. jadi jangan kira seperti di gunung atau puncak bogor. â€¦",1
Tempat rajanya pungli. Gak mau lagi kesitu. Hati hati cari wisata lain aja,2
"Tempat pemerasan.
Pernah pergi ke permandian air panas pas masuk Gerbang pertama Mobil 90k
gerbang kedua 30k/org (sudah res area) mau masuk ke kolam ehh..bayar lagi 10k/org. Pas mau pulang ehh..ada lagi biaya parkir.asuu udah gitu jalannya rusak.",1
"Baru kmrn ke sana,
Mau ke pemandian air panas aja dr pintu masuk ke tempat yg di tuju kudu 3x bayar...  Emg gak terlalu mahal sih, tp serasa di palak .... ðŸ˜­ðŸ˜­ðŸ˜­ knpa nggak satu kali â€¦",1
"Tempatnya emang adem, tapi untuk yg jaga pintu masuk gak ramah bgt. Sampe motor saya dipegangin terus, kaya takut kabur aja. Pdhl lagi siapin uang buat beli tiket.",1
"Kapooooook...tempat nya jelek bgt, masuk byr 30rb per orang, masuk Renang bayar lg 10rb per orang, gk bisa buat berenng / mandi air nya panas bgt, kalo yg private 30rb per orang/30 mnt",2
"Lumayan buat ngilangin penat disini .

Tiket masuk per orang 5 Rb.  Motor 5 Rb. â€¦",1
Mau jalan jalan sambil foto malah disuruh bayar 700 rb,1
minimal pejabat yang dapat fasilitas pengawalan polisi atau tni baru enak tidak ada yang pungli,2
"Bikin kapok,, kebanyakan punglinya,mau foto"" aja harus bayar /spot'a 10k , padahal apa sih isinya cuma pohon"" doang,ini semua ulah"" oknumnyg gak bertanggung jawab buat cari keuntungan yang sebesar-besarnya..NOT RECOMMENDED!!",2
"Datang kesini gak ada niat, sekedar pengen tau. Dan sepertinya cukup sekali saja datang kesini. â€¦",1
Ini tempat yang sangat sangat sangat tidak rekomended untuk dikunjungi. Kalo ada bintang minus udah gw kasih nih. Yang kasih bintang 5 sepertinya orang2 yang jadi pungli. â€¦,2
"Kebanyakan Pungli, sangat memalukan Kabupaten Bogor.",2
"Tempatnya sich bagus,cuma spot spot fotonya berbayar semua",1
"Tempatnya tidak aman dan Sangat mengecewakan,
Bagi yang bawa mobil harap berhati2, mobil saya hampir saja di bobol, padahal mobil di parkir dekat tukang parkir atau pengamanannya, â€¦",1
"Alam yg indah, Allah Maha Besar yg telah menciptakan bumi dan seisinya",1
"Banyaknya pungli pasti ada setoran dan pasti ada yang koordinir itu pungli. Bila managementnya profesional dan bagus tidak akan ada pungli, untuk konsumen cukup bayar tiket masuk dan parkir di gerbang depan. Mohon diperbaiki SOP di managementnya. Trima kasih",2
"Tempat nya masih dekat dengan kawasan Sentul City, sangat cocok bagi pecinta sepeda gunung karena terdapat area khusus untuk track pesepeda gunung. Untuk keluarga pun sangat cocok, selain lokasi yg tidak terlalu jauh dari jakarta, kawasan â€¦",1
"Tempat untuk rekreasi bersama keluarga,  sahabat,  teman kerja ataupun teman spesial.  Di bawah rimbunnya pohon pinus anda dapat bersantai dan menikmati sejuknya udara pegunungan.  Tersedia juga tempat bersantai di atas pohon yg bisa kita â€¦",1
"Niat ke sana buat foto-foto sama bikin video, tapi ternyata tempatnya sudah dipagari semua. Jadi kalau kalian mau ke hutan pinus yang masih rapihnya atau pohon pinus yang belum diisi sama wahana, kalian harus bayar 500 rb/tim. Kalau untuk â€¦",1
"Tempat wisata yang terkenal pungli nya, viral di medsos.",2
"udh ga natural, udah ga rapih lagi, sebagiaan besar di pagarin, banyak sampah, dan dimanfaatkan untuk instalasi foto yang terlalu sesak. ditambah harga untuk paketan foto di instalasi yang ada dan pungli. Sayang sebenarnya tanpa instalasi yang menyesakan dan tanpa batasan pagar tempat ini bisa jadi tempat foto yg bagus",2
"Tempat wisata yg sederhana tp mengesankan,sayangnya terhitung mahal karena banyak pungli",2
"Buat yg tidak ingin jauh2 untuk berlibur, datang kesini aja, selain tempat wisata pohon pinus dan small camp disini juga tersedia pemandian air panasnya juga loh guys, mau private atau juga mau mandi barengan yg lain juga ada ko guys, murah ko",1
"Banyak pungli,setiap pengunjung di mintain uang yg ada 3 Pos pintu masuk,byk pengunjung yg kecewa dan kapok tdk mau balik lg  Krn bgt byknya jalur Pungutan yg tdk sesuai dgn pelayanan.Blm lagi pas di dlm,duduk di Sawung dimintain uang Sawung 60 rb.",2
"Karena saya percaya para Google Local Guide disini. Tdk setuju sm pungutan liar yg tdk profesional, sementara tempatnya tdk memperlihatkan hasil ""investasi"" dr org2 yg bayar. So utk apa kesana? Di Jerman semua wisata alam gratis, saya mo ke â€¦",1
"Area puncak ketutup warung jd gada suasana summit. Ladder beton/semen dari bawah mpe puncak disebut strava ""leg breaker"". Perfect buat mbangun paha kaki for a trailrunner",1
"Punglinya memang harus dibina. Kalau tidak bisa dibina, dibinasakan saja. Bayar terus tiap berapa meter",2
"Harap berhati-hati jika ingin berfoto disini. Karena berbayar. Perorang 10rb.
Saran dr saya cari tukang foto yg bisa kasih harga paketan. Contoh yg saya dapat 8 spot hanya 30rb. Plus request anak kecil ga usah dihitung.",1
Agak susah akses kesini. Lokasi msh belum terlalu di explore lagi dan sedikit terganggu dengan pengelola parkir padahal di awal pintu masuk sudah bayar. Tp di dlm klo mau foto atau ke wisata air panas bayar parkir lg. Smoga manajemen lbh baik ke depan nya,1
"Banyak pungli nya klau mau foto aja bayar 25 rb,masuk aja bayar 35 rb, belum lg parkir 10  rb pokok nya gak nyaman deh sangat mengecewa kan...",2
"Tempatnya tidak nyaman... warungnya tidak tertata dengan baik. Spot foto ngga jelas, tambah lagi dengan punglinya.",2
Pokoknya hati hati aja kalo jajan di warung depan terapi ikan.masa kita 3 keluarga makan dan beli pakean di warung dia.poinnya kita jajan lumayan banyak lah soalnya banyak bocah dan makan mie dan minum lah.masa kita duduk di kenain sewa â€¦,1
"Tempatnya bagus,setiap 7 properti kita harus bayar rp.25000",1
"Tempat wisata alam yang indah dan dekat dengan ibukota, sayang masyarakat nya mental pungli semua... Janganlah sekali-kali kesini, cukup lihat di internet aja...",2
"Alamnya memang bagus,, tp punglinya nggak wajar. Seharusnya di tindak. Juru parkirnya aja Rp 8000 padahal di pintu masuk sdh membayar distribusi parkir. Semua serba sewa. Seharunya ormas setempat bijaksana lah.",2
"Wisatanya bagus tapi kapok bngt kesini pungli nya ga punya otak anjir udah gitu kaya tai kita bayar dia yg nentuin fotonya dia terus fotoinnya semau dia,sepiin aja wisata nya biar bangkrut tutup",2
"Berwisata dan berpetualang di alam bebas dengan masuk hutan atau mendaki tidak perlu jauh, hanya butuh waktu kurang lebih sejam dari Jakarta, kita sudah bisa mendapatkannya di Gunung Pancer.",1
"Tidak direkomendasikan datang kesini ketika long weekend..sudah bayar tiket masuk,baru 10mtr dari loket tiket sudah tidak bisa jalan karena di atas sudah penuh. Seharusnya ada informasi dari pengelola jika di atas sudah penuh, jadi pengunjung bisa mencari alternatif untuk putar balik tanpa harus membayar tiket terlebih dahulu.",1
Banyak pungli,2
"Baru kemarin dari sana,, tempatnya memang sangat adem krna banyak pohon Pinus, tapiiii,,, entah kenapa jadi hilang daya tarik naturalnya krna penuh dgn spot2 foto komersil,, semua spot foto berbayar,, bahkan untuk dudukpun ternyata harus â€¦",1
"Tempat wisata yg masih alami, tidak terlalu jauh dari jakarta, masih dingin dan karena ini adalah kawasan hutan lindung, semoga masih bisa dipertahankan selama lamanya karena saat ini banyak villa yg mau caplok daerah rsb",1
"Tempat wisata hutan pinus yg cukup terkenal di kawasan Sentul Bogor. Objek terkenalnya foto di sela2 pohon pinus dgn aneka jaring warna warni. Adanya juga pemandian air hangat alami. Tempat parkir langsung dibawah pohon, licin dan kotor kalo pas musim hujan",2
"Tempat wisata banyak pungli nya, apa yg mau diliat, mending wisata dikamar nikmati AC SEJUK !!!",2
"Tempatnya enak, bisa bikin suasana hati sama pikiran jadi tenang. Parkir motornya pun lumayan murah harganya, dibantu juga sama tukang parkirnya. Saran aja sih, kalau mau nanjak, lebih enakan jalan kaki sekalian menikmati alam. Lokasinya â€¦",1
"Tempat wisatanya kurang nyaman, banyak pungli. Klo buat foto foto santai ga worit. Orangnya juga ga sopan.",2
"bagus tempatnya, tapi jln mnuju tempatnya sempit & sistem pembayaran ditiap pintu masuk itu menyebalkan, blm lg harus bayar parkir lg. foto2 di tempat spot foto pun HARUS bayar & menggunakan jasa fotografer setempat. pdhl cm buat kebutuhnan upload di sosmed",1
"Punglinya banyak banget parah, di fotoin tarifnya udah kayak photostudio padahal pakai hp biasa. Untuk tempatnya nyaman",2
"Tempatnya bagus sih,  banyak spot foto yang lucu,  sayangnya terlalu crowded terutama saat liburan. Dan sangat komersial. Harus bayar lagi di setiap spot fotonya. â€¦",1
Sentul yg tersembunyi,1
"Ga kyk naek gunung/ trailing tp buat family retreat ke area gunung.. banyak pungli, sampah, sm bau pesing",2
Sangat bagus dan cocok utk wisata bersama keluarga dan banyak spot utk berfoto,1
spot fotonya jangan di tanya lagi keren keren kok ðŸ˜ â€¦,1
Harga weekend tidak menentu setiap spot selalu di kenakan tarif dan tarif sesuka yang harga yang jaga. Tidak ada tanda bukti atau tarif tetap hanya di tempat pemandian saja yang memakai bukti tiket selebihnya tidak ada .,1
Pokoknya hati hati aja kalo jajan di warung depan terapi ikan.masa kita 3 keluarga makan dan beli pakean di warung dia.poinnya kita jajan lumayan banyak lah soalnya banyak bocah dan makan mie dan minum lah.masa kita duduk di kenain sewa â€¦,1
Bagus. Recommended untuk tempat wisata dekat jakarta. View nya bagus untuk para pecinta foto-foto khusus nya photographer. Untuk perjalanan dari jakarta kl naik motor +-2jam jika tidak macet yaah. Kalo naik mobil lebih mudah lewat tol dan lebih cepat juga. Ok,1
"Nuansa alam menjadikan tempat ini begitu indah untuk di jadikan tempat wisata keluarga, camping, atau outbond. â€¦",1
"Tempat tujuan wisata yang bagus.kekurangan di harga terlalu kemahalan, makanannya juga ga bersahabat untuk harga serba ambil keuntungan yang terlalu berlebihan",1
"Nyesel kesini, fasilitas alam tp banyak punglinya, ga masuk akal juga bayarannya, apa apa bayar, sistemnya jg berantakan, parkir jg berantakan, dijamin badmood dah pokonya abis dr sini",2
"Jalanan masih banyak rusak pungli juga banyak, apalagi masuk ke pemandian air panas bisa 3x bayar disana",2
"Sebagai backpaker dan sering berputalang kmn2 baru tempat ini mempunyai destinasi baik..diawal dan jelek di akhir..banyak biaya yg tak resmi,yg tak bepayung hukum oleh kementerian pariwisata,dll..tempat tidak terawat..kotor jorok..dan â€¦",2
GA REKOMEN BANGET SUMPAH GW KE SANA BAYAR PER MOTOR 15k (ini di pintu depan) TERUS PAS MASUK DI TAWARIN JASA FOTO 35k TAPI PAKE HP SENDIRI :v TERUS KALO PAKE KAMERA DARI DIA BAYAR NAMBAH DIHH MANA KATA NYA DAPET 8 SPOT FOTO NAJIS CUMAN 1 â€¦,1
"Tempat sudah ramai pungutan lumayan tapi toilet cuman ada 2 ,.ngatrinya luar biasa ,.sekalinya makan di tempat aga bagusan semacam kaya cape ga ada tisue,.gimana sii pengelolanya ,.. jangan cuman pengen uangnya aja ,.terutama toilet, semua org butuh toilet !!",1
"Baru mau kesana, liat review nya banyak pungli.. hahaa",2
"Tempatnya memang bagus, tapi spot foto yg di sediakan malah bayar lagi padahal di pintu masuk sudah bayar juga. Apalagi spot yg di sediakan setiap tempat hanya 4 spot. Jadi kurang memuaskan ketika ingin ke spot yg lain harus bayar lagi",1
"Jangan mau kesini kapok asli wkwkk pungli nya luar biasa dari awal masuk bayar masuk wisata bayar masuk lagi bayar sue, dlu karna bm aja pgn mandi aer panas eh pas sampe sana masuk awal bayar pas didalem bayar lagi mau brenang dikolem yg beda bayar lagi gilaaa ðŸ˜‚ðŸ‘ â€¦",2
Banyak pungli,2
"Enakan berendem ditempat keluarga, perjam 100rb.",1
"Tempat nya sejuk dan indah
Akses mudah sekali
Bukit Hutan pinus yg adem â€¦",1
"Tempat masih sangat asri dan lokasi pun tidak terlalu sulit dijangkau, air panas alami disana juga sangat baik untuk kesehatan. Kekurangan yang ada adalah jalan menuju lokasi yang harus dilebarkan, sarana umum seperti toilet, mushola, tempat parkir juga harus diperbanyak dan diperhatikan kebersihannya.",1
Pokoknya hati hati aja kalo jajan di warung depan terapi ikan.masa kita 3 keluarga makan dan beli pakean di warung dia.poinnya kita jajan lumayan banyak lah soalnya banyak bocah dan makan mie dan minum lah.masa kita duduk di kenain sewa â€¦,1
Kapok deh kesana...masuknya bayar mw foto bayar lg...udah gitu tempatnya nggak terawat apalagi kepemandian air panas mesti 3x bayar...klo bagus sih nggak apa2..cm kya kolam ikan.,1
"Pengalaman ke tempat ini sangat mengecewakan, terlalu banyak kutipan uang. Ada 3 kali pengutipan uang plus 1 kali parkir untuk memasuki wisata pemandian air panas. Pemandian air panasnya kurang terurus, fasilitasnya buruk.",1
kenapa sih aktivitas pungli terkesan ada pembiaran dari pihak berwenang.   pak bupati/gubernur tolong di tertibkan supaya jadi destinasi yg ga bikin orang kapok kesini!!,2
"Spot bagus buat selfie,tapi binggung Ama pengurus nya...mending dibikin resmi aja,masuk berapa duit gitu..langsung bisa foto bebas di spot",1
"View bagus buat poto mantap, tapi sayang setiap masuk ada pungli dan sangat kecewa untuk pemandian air panasnya tidak sebagus ciater.",2
"Banyak gazebo, penjualan makanan minuman, area parkir dan mas mas tukang foto",1
"Aduuh kecewa gan maen kesitu, iya sih masuknya murah cuman 20 ribu permotor unk 2 orang itu jugaðŸ˜Š
Tapi pas masuk mau foto2, per spot 10 ribu, yang bikin gak nyaman itu ada abang2 â€¦",1
Belum masuk ke tempat nya udah 4x di pintain duit . Yg beneeeerrr aja boss. Tutup ae Laaahh tempat wisata model bgitu.  Ga bakal kesitu lagi,1
"masuk gerbang sih lumayan murah, tpi pas diatasnya banyak pungli, gak bakal kesini lagi â€¦",2
"Baru rencana kesana, eh liat banyak komentar2 negatif alhasil cari tmpt lain aja.. taman sempur juga bagus.. gak banyak bayar bisa main di sungainya...",1
"Tempat nya lumayan bngt sejuk banyak pilihan tmpat buat nyantai bareng kluarga or teman , tpi sayang jalan nya rusak",1
"Punglinya ga nahan, masuk gerbang bayar orang dan juga kendaraan. Masuk tempat wisata air panas bayar, mau berendam air panas bayar juga. Duduk2 di saung bayar, mau pulang bayar parkir lagi. Mendingan ke ciater dah",2
"Sebenernya disni tmptnya bagus,,cuma bnyk pungli
Harus bnyk"" sabar hehee",2
"Wisata Alam Gunung Pancar ada di daerah Sentul, Bogor, tepatnya di Desa Karang Tengah, Babakan Madang, Bogor, Jawa Barat. Lokasinya dekat dengan tempat wisata Jungle Land, sehingga bisa dijadikan patokan. Cakeppp bangett!!",1
"Parah.. kecewa abizzzzz!!! Udah jauh2 makan waktu dan tenaga kesana ga ada indah2nya di dlm.. kotor, jorok, apa2 bayar hadehhhhhhhh!!!! Byk jg yg kecewa dan lgsg keluar lg seperti saya dan keluarga, gag jarang yg bawa mobil mewah alphard, villfire nanjak kesana bela2in ternyata kaya gitu ðŸ™„ðŸ¤§ gak malu apa â€¦",2
"Gerbang 1 35rb (resmi)
Gerbang 2 60rb (gerbang gak jelas)
Pemandian air panas private 25rb â€¦",1
Tempat wisata buat spot foto,1
Adem gak beda jauh dgn cisarua,1
"Tempat rekreasi Hutan Pinus
Sayang nya sdh terlalu ramai jd ssh dpt spot foto....gratis tanpa bayar",1
"Mau kesini? Jangan, pokonya jangan. Tiap spot punglinya mantep. Tpi klo banyak duit trus mau buang2 duit disini sih gapapa",2
"Saya dan teman kantor datang kemari setelah selesai dari pemandian air panas mineral. Lokasinya adem, pemandangannya bagus dan asri sebetulnya. Cuma Saya rasa terlalu komersil. Terlalu banyak receh sana receh sini dari awal masuk area wisata, parkiran, hingga spot selfie pun diduitin.",1
"Sayang sekali, tadi kesana disuruh puter balik karena hutan pinusnya ditutup krna PPKM, yg buka hanya air panas nya aja..",1
Ada kolam khusus tapi terbuka jadi kurang nyaman ...,1
"Tempat dengan pemandangan yang indah di daerah Sentul City, bisa ditempuh dengan berbagai kendaraan. Tetapi kendaraan terbaik adalah motor, dan lebih baik lagi memakai CRF (Honda) atau KLX (Kawasaki) karena daerah cukup ekstrim untuk motor-motor bebek",1
"Menurtku sih wisata di gunung pancar , punglinya banyak banget
Dari gerbang depan , parkirnya dan sampai spot fotonya ampun ðŸ¤¦ðŸ»â€â™‚ï¸ â€¦",2
Jadi sepi...padahal sebagian jln sdh di perbaiki...,1
Tempat adem cocok untuk berkreasi disana .. Tersedia spot2 untuk foto2 yg kekinian.. Bahkan ada tempat pemandiaan air panas.. Terapi ikan.. Dan tempat camping pun tersedia disana,1
"Klo mau k gunung pancar jgn lewat Sentul,tp lewat Cimahpar trus ke cijayanti,nanti naek ke gunung nya lewat jln setapak sekalian hiking,tanya aja sama penduduk di sana jln yg ke arah air terjun gunung pancar,spotnya lebih bagus drpd pemandian air panas,utk masuk areal gunung pancar kita ttp hrs byr tiket.",1
Tempat wisata alam  yg masih asri udara segar dan nyaman terdapat pemandian air panas yg bisa menyegarkan badan sehabis beraktifitas selama sepekan    layak untuk fi kunjungi,1
"Kebanyakan pungli njing, tanah Punya allah bukan bikinan ente",2
"Buat camp"" Ama keluarga oke",1
"Sejuk, jalan cukup dua arah,..  Banyak pohon pinus, sekarang sih lebih baik, banyak spot untuk foto",1
"Banyakan pungli parkir liar.. Kan udah bayar tiket masuk mobil, karcis tiket pun gak dikasih",2
"Kondisi gunung pancar tempat pemandian air panas saat berkunjung kesana suasana alamnya sangat asri dan menyejukkan disana juga anda dapat menikmati udaranya yg sangat sejuk dan menyenangkan hati,, sekaligus melepaskan kejenughan atau stress .. Bagus sekali untuk foto bersama keluarga  .. Terimakasih..",1
"Salah satu hutan pinus terdekat dari jakarta
Saya punya tips untuk anda yg ingin ke gn pancar agar tidak membayar tiket :
1. Bilang mau ke tempat sodara dikampung belakang (lupa nama kampungnya apa) â€¦",1
"Liat di web untuk motor 7500, perkepala 7500 juga. Ehh pas sampe gerbang awal posko dimintain langsung 40rb untuk motor masuk & 2 org, yg betul yg mana nhðŸ¤£ â€¦",1
"Terlalu mahal tiket masuk nya, cuma liat pohon pinus. Ga recommended",1
Pungli nya bisa bikin anak kosan besoknya ga makan,2
"Lg searcing 2 lokasi wisata,, baca komen2an diatas jadi gogah lahh kesana.. Cari alternatif lain dahh..
Mohon kiranya di tertib kan kli yaa itu pungli nya",2
Sya sangat kngen dengan derah gunung pancar dulu q ksana jlan masih tnah Blum Di aspal msih alami jgalah hutan pinus jngan bwang sampah sebarangan ntah kpan lgi q bisa datang ke gnunung pancar. Dan lihat kwah nya. Tlong lindungi hutan Di sekitar nya.,1
Tadinya mau kesana.. baca komen2 nya gak enak semua.. ntar duit habis cuma buat pungli.. mending cari tempat lain aja,2
"Ya intinya klo ksana pas tgl merah sediakan kocek lbh dalam buat jajan nya ðŸ˜…
Soal tempat ya cocok lah buat yg pgn piknik rame2 , buat ngadem, ada byk spot foto jg, tp gak gratizzz loh guys, BaYaR â€¦",1
G usah kesini... Bayarnya mahal... Datang g bs duduk bebas... Harus di warung... Kl g jajan g boleh... Titik2 spotnya jg hrs byr....,1
"Tempat nya,bagus buat poto tapi sayang dikelola warga jadi banyak pungutan ga jelas nya.. waktu pertama masuk sudah bayar 50 rb buat 5 orang.. tanpa karcis retribusi jadi ga jelas untuk apa saja.. parkir di atas kena cas 10 rb.. waktu mau â€¦",1
"Bagus, potensial, tp kurang banyak attraksi. Masuk langsung kena charge 30rb tanpa karcis. Di dalam hanya ada tempat foto2, dimana harus bayar.",1
"Kurang rekomended kalo buat acara foto dll, silahkan baca ulasan selain ulasan ini, pokoknya dari saya kurang rekomendasi Terimakasih salam wisata ðŸ™ â€¦",1
"Banyak pungli, belom nyampe tempat tujuan eh udah ketemu akamsi2 dipinta pungli. Emgnya lo kira itu jalanan punya lo?",2
"Jangan ke pemandian gunung pancar,,
Banyak punggutan liar, kapok tempatnya jorok",1
"Jika bosan mengunjungi Leuwi, wisatawan bisa menikmati pemandangan Hutan Pinus yang luas di punggung dan sebagian puncak Gunung Pancar. Disini kita bisa ber swa foto dalam berbagai posisi sesuai keinginan pengunjung. â€¦",1
"Biaya masuk (20.000) tanpa dikasih tiket,yg jadi pertanyaan saya itu uang masuk keperhutani apa swasta(pengelola) atau oknom/pungli",2
Ada tempat Selfi di ayunan . Indah pemandangan nya,1
Cocok untuk camping,1
Banyak pungli di dalam setelah membayar karcis,2
"kemarin kesana tepatnya tanggal 1 Feb 2022 ...tiket masuk 20rb untuk 2 orang pake motor tapi ga dikasih bukti pembayaran tiket oleh petugas, trus saat mo poto di spot poto..satu tempat dikenakan 10rb per orang.. dipotoin pake hp kita â€¦",1
Tempat ini cocok buat camping keluarga,1
"Untuk para pengelola gunung panca,  tolong  bikin para pengunjung agar tdk kapok buat kembali kembali ke gunung pacar. Banyak sekali pungut2an tdk jels, parkir, atau penjual nya maksa aatau sabagai nya.  Tolong ddi tindas tegas. Toling dengarkan",1
"Saya belum ke sini. Batal gara2 baca review2nya. Anjir, punglinya banyak banget.",2
"Mending ke dufan sekalian dah, punglinya meresahkan",2
Tempat bersantai yg sejuk dibawah pohon pinus.,1
"Pemandiannya sangat buruk kaya sampah,tidak sesuai tarifnya yang mahal,kasihan orang2 yang baru pertama kali kesana pasti tertipu,kapok sekali aja kesana sangatlah jelek",2
"Sangat kecewa dengan pengelola lokasi.setempat,masuk awal 30rb 2 orang plus mobil,kirain udah itu aja ya,pas mau mandi air panas, ada gerbang lagi,suruh bayar 25 kirain udah plus parkir,nah pas udah mau mandi,ada gerbang lagi,bayar 10rb 2 â€¦",1
"Pengin kesini tapi commentnya GK ada yg enak,padahal Deket dari Bojong gede.tolonglah Pemda Bogor wisata"" di wilayah Bogor dikelola dgn baik.biar yg wisata TDK kecewa.sekarang aja parkir di pakan sari tarif motor 5000 sebelumnya hanya â€¦",1
"Astaghfirullah
Hrsnya aku bacaÂ² ulasan dsini dl sblm td ksana...",1
"pemandangannya indah,daerah pegunungan sejuk",1
"ada toilet umum tetapi kurang terawat karena banyak pengunjung yang pada kebelet dan petugas kebersihan setempat pun seperti tidak sempat membersihkan wkwk dan kita bayar seikhlasnya, untuk tempat parkir cukup luas diberbagai spot, selain â€¦",1
"masuk pintu 4 mobil total bayar 600k
cuma mandi air panas ðŸ™ˆðŸ™ˆðŸ™ˆ â€¦",1
"saran aja, kalo mo nanjak kalo bisa jangan pake sedan, ga parah sih cuma kurang nyaman aja. kalo mo photoshoot ijin dipintu masuk.",1
"Saya baru 3 hari lalu kesini gak liat liat review nya....pas udah pulang baru nyadar Gilak masuk mobil bayar 25 ribu , masuk ke area parkir pemandian air panas 60 ribu untuk 3 orang...ehhhh tau tau dimintai lagi duit pas mau mandi air â€¦",1
"Sudah tidak bagus lagi seperti dulu,sudah menjadi tempat komersil tetapi fasilitas tidak memadai daj agak sedikit kotor, tapi untuk arena downhillnya masih the best lah buat para downhiller",2
"Banyak Pungli (Pungutan Liar), gak masuk akal, harus 4 kali bayar untuk menikmati pemandian air panas (1. Gerbang masuk bayar perorangan sama kendaraan 2. Gerbang masuk Pemandian Air Panas Pertama bayar perorangan dan kendaraan 3. Gerbang â€¦",2
"Banyak pungli, seperti kebanyakan wisata di Jawa barat..",2
Banyak banget punglinya. Dan jorok banget tempatnya. Asli jelek dan ga bermutu. Tidak rekomen banget ke situ.,2
"Kesini sekali, kepengen kesini lgi",1
Lokasi yang cocok untuk field trip bersama keluarga dan juga lokasi family gathering perusahaan anda.  Dilokasi ini menyediakan beberapa permainan outbond.,1
wisata ke Bogor (gunung pancar) sangat menyejukkan hati...menghirup udara segar...pemandangan nan hijau...pemandian air panas... â€¦,1
"Airnya alami menyegarkan , sayang pengelolaannya tdk bagus ,  kumuh , apa-apa bayar tapi fasilitasnya terkesan murahan menjengkelkan.",1
Tempat nya bgus yg GK bgus masyarakat pengelola nya payah.. ngomong tidak sopan dan berkesan maksaa,1
"Segar nya berada di alam pegunungan ini.
Pemandangan indah pula ..",1
Rame banget. Ke sini pas hari libur. Mau foto bayar tempat. Kamera pake punya sendiri. Waktu itu make 4 tempat bayar 300rb.,1
Mantap luar biasa,1
Tempatnya sejuk..ada pemandian air panas & perkemahan..kalau hobby hiking bisa nanjak ke makam keramat mbah putih di puncaknya,1
Apa apa bayar .. pungli pungli .. harus segara di benahi sebelum rusak keindhan dan nama gunung pancar karena ulah pungli ..,2
"Fasum khususnya jalan:banyak yg  rusak,jd dpt berbahaya bg keselamatan pengunjung,sebaiknya berfikir ulang u/berkunjung ke tmpt ini(pemandian air panas)",1
Waduh Baca komen2 nya. Parah nga enak banget komen2 nya. Niat mau wisata sm kelyarga Nga jadi dtg klo suasana nya sdh pahit bgtu. Hrs Di laporin nih pengelola bgini. Gmn klo Ada wisman Dr luar. Bikin MALU. â€¦,2
Tempatnya bagusss bgt tp sayang mau dapetin spot buat foto prewed udah bayar masuk malahan disuruh paksa bayar buat spot foto padahal gk mau make spot fotonya mau ambil foto alamnya trs bilangnya di kantor ada paketan prewed lah org udh â€¦,1
"Merasa hidup didunia tanpa polusi..  Wisata alam yg tenang dan Udaranya yg sejuk .. Cocok utk menghilang lelah slama 5hari bkerja..
@paytren_ade.ningsih â€¦",1
"Tempatnya lumayan bagus , banyak spot foto,tapi biaya untuk masuk apaÂ² harus bayar",1
"Kami arah pulang Cisarua - Jonggol via gunung pancar, ehhh dimintain uang masuk, rada bingung dah saya, apa kah salah jalan atau gimana, soalnya waktu arah Jonggol - Cisarua juga lewat sini. Gak jelas nih pengelololo.",1
"Sejuk dan asri, lumayan buat istirahat dan tidur siang, banyak loket dan pungli, tapi bisa di akalin dengan menggaet warga sekitar, buat jadi guide, jadi bayar secara borongan aja, lumayan hemat sampe separuhnya, dan ga bayar apa apa lagi, â€¦",2
Isinya pungli,2
Damai rasanya. Kesini saat di tutup gara2 pandemi,1
Salah satu tempat wisata yg sangat bagus dengan pemandangan yg sangat asri tempat2 bisa buat selfi/foto2....tempat mudah diakses.....,1
"Satpam nya agak rese. Kita masuk udah bayar, mau camp ga dibilehin tapi yng masuk naik mobil mau camp boleh.",1
"Untuk lokasi lumayan asri dan lumayan asik jadi tmpt untuk menghabiskan wekeend bersama teman dan keluarga, amat disayangkan masih banyak nya PUNGLI disana...",2
"Parah. gak jelas, semuanya gak jelas, tempat gak jelas, biaya gak jelas, minum gak jelas, semua gak jelas. Hedehhhh. Tempat apa sih nih, pungli doang isinya",2
"Lokasi tdak terlalu luas,skrg sdh ada penyewaan hammock,namun kondisi jalanan menuju lokasi masih blm bagus",1
"Kalau utk tmpt ft2 nya lmayan bagus,masuk lokasi byr 10rb/org,,anak tdk bayar,tp jgn masuk k tmpt prmandian air panasny,,slain masuk lokasi lg bayar 20rb/org,,mau masuk k bak air panasny bayar lg 10rb/org utk dewasa,anak 5rb,,tp hny ada bak â€¦",1
Mantabe bos.... Happy dan pasti akan sehat badan kita hirup udara segar dan jalan santai bareng keluarga. Untuk baground juga bagus bagus to foto.,1
"Yaahh ada beberapa kenangan buruk disini. Tapi bagi yg mw dekat jarak 2 jam kesini juga its oke sih, hanya saya pemuda disini kudu modal dikit! Jangan hanya ngandelin hp pengunjung, jangan hanya mw uang dan tipnya saja.",1
"Kalo mau kesini pikir ulang deh ,apa apa bayar spot foto juga bayar sampahnya berserakan dimana"" juga buat pengelola tempat tolong dong urusin sampahnya",1
Mantep bakal sepedahan joging,1
"Sangat kecewa ga sesuai spec jalan rusak, masuk bayar parkir mobil 15ribu pnumpng 7500 di dlm bayar lagi 10per penumpang bayar mobil 15 mauk lagi bayar untu mandi 5000  bayar parkir ama orang yang di dalam 5000 hanya untuk parkir mobil saja 35000 tempat kotor tempat salin tidak di sediakan air untuk bilbilas  ini hanya untuk mandi saja",2
Banyak pungli.....masak mau datangin KPK.....Khan nggak nyambungðŸ˜€ â€¦,2
"Tidak dikelola dg baik oleh pemkab/pemda, msh bnyk sampah, kurang terawat pdhl sdh byr retribusi dll.",1
"Bagus sih, tapi harus pinter2, banyak bngt marketingnya",1
Pungli nya gak tahan ampun dah ðŸ™ˆ â€¦,2
Jangan pernah kesini banyak pungli,2
Tempatnya sih mantap....sayangnya terlalu banyak retribusi.....(karcis)jdi udh gak murah meriah lgi.....,1
Suka banget kesini. Adem banget tapi sayang ada punglinya diarea parkiran motor tapi ga banyak sihâ¤ï¸,2
Pemandangan bagus tapi butuh perjuangan banget kesana secara fasilitas jalannya masih sangat kurang dan macet,1
"Pungli dimana mana, tidak rekomended",2
"W hoby jalan jalan tp jujur w baru kesini dan w kecewa sih, punglinya parah dan w males komentar banyak kalo yg paham atau pernah kesini pasti ngerasaiin yg sama wkwkwk oh iya satu hal w jelasin deh,  w duduk di warungnya dan makan buat â€¦",2
Bersahabat dgn alam.....,1
Pokoknya hati hati aja kalo jajan di warung depan terapi ikan.masa kita 3 keluarga makan dan beli pakean di warung dia.poinnya kita jajan lumayan banyak lah soalnya banyak bocah dan makan mie dan minum lah.masa kita duduk di kenain sewa â€¦,1
"Alamnya indah banget, sayangnya banyak oknum2 yg memanfaatkannya denga salah, jadi kita ngerasa gak aman saat disana",1
Banyak pohon pinus dan spot foto. Bayar tiket masuk 10rb/org. Parkir goceng.,1
"Adem, nyaman, betah berlama-lama ditempat ini. Dan tidak jauh dari pusat ibu kota. Makanannya terjangkau biaya masuknya murah. Terbaik",1
"Kebanyakan pungutan duit
Bayar 3x cuma buat liat kolem aer panas sempit dan tidak terawat â€¦",1
"Instagramable, banyak spot foto yang menarik. Tempat parkir luas, bersih",1
tempatnya bagus si banyak spot fotonya tp harus bayar ya tiap spot. duduk lesehan bayar juga ðŸ˜ â€¦,1
"Menurut saya biasa saja, kalau untuk santai lumayan bagus, tidak jauh dari kota, hati-hati kalau ikut google map, bisa nyasar ke jalur lain. Usahakan tanya orang lokal...",1
"Gunung PancarÂ adalah sebuahÂ gunung yang terletak di KecamatanÂ Citeureup,Â Kabupaten Bogor,Â Jawa Barat,Â Indonesia. Gunung Pancar terletak pada ketinggian 300â€“800 m dpl dengan topografi landai sampai bergelombang terjal dengan kemiringan â€¦",1
"Lokasi nya bagus ,  banyak tempat yg bisa di kunjungi ,  udara nya masih sejuk dan dingin bagus untuk liburan keluarga",1
"Kalau tau dari awal yang apa apa semuanya itu disuruh bayar terus, sumpah yah saya nyesel dan kapok udah dateng dan ngabisin duit sebanyak itu, cuman buat foto aja sampe 300rb itu juga buat saya masih mahal bngt, sempet gak terima terus â€¦",1
harusnya bayar nya sekali diloket masuk . tidak  di 3 pos berbeda . klo dikelola dgn baik pasti optimal pemasukan daerahnya,1
"Banyak paogah nya,masuk bayar,parkir beda lagi,buat foto di pake tempat bayar lgi,kurang bagus pengelolaan nya",1
"Spot foto2 bagus, sayang dikelola per oranganðŸ˜° mesti berkali2 bayar utk dapat spot foto â€¦",1
Ganti aja deh namanya jadi Taman Wisata PungliðŸ¤£ â€¦,2
Keren gunungnya ðŸ‘ â€¦,1
"Suasana yang teduh, namun banyaknya pungutan pembayaran dan tidak sesuai dengan fasilitas yang didapatkan membuat kecewa",1
"Tempatnya bagus, banyak wahana, bagus buat hunting,foto"",prewed apa lagi ðŸ˜ðŸ˜ðŸ˜ðŸ˜ mantap dah pokoknyaa ðŸ˜ðŸ˜ðŸ˜ðŸ˜ â€¦",1
"Masih asri,udara yg sejuk  rindabgya pihon pinus,sabgat cocik buat keluarga,rombongan dan muda mudi.",1
Lumayan jg sih untuk refreshing tp waktu kita k sana mahal2 bgt tiap spot nya harus bayar,1
"Langsung ke Kang Emil saja, tolong tertibkan pungli di TWA Gunung Pancar, sampah & harga kuliner yang harus tertulis di menu.
Bupati Bogor mohon maaf TWA Gunung Pancar itu wewenang Pamkab Bogor atau Pemda â€¦",2
"Bagus sih buat spot poto,tapi pas saya ke situ habis hujan di situ tanah jadi taulah kondisi gimana,""lumpur""",1
"Duit terus,kaga ada karcisnya pungli dan pungli",2
Banyak pungli,2
"Tempat wisata hutan pinus didaerah sentul, tempatnya cukup asri, namun saat weeknd akan sangat ramai",1
"Apa-apa bayar ðŸ˜ˆðŸ˜ˆ pelayanan buruk banget, nunjuk arah jalan salah, petugas gak ada ramahnya sedikitpun, hanya uang, uang dan uang, pemandian lebih cocok jadi tempat mandi kerbau ðŸ‘ŽðŸ‘Ž â€¦",1
Mantap udara dan pemandangannya,1
Tempat nyaman tapi kebanyakan pungutan dalam area,1
"Bagus, cuma pungli aja yg bikin males lama"" disana tuh",2
"totally bad,  banyak pungli nawarin paket foto yang gaguna.",2
tempat santai mengilangkan rasa penat disini oke tempatnya lokasi nya mudah di jangkau oleh kendaraan roda 2 maupun 4.,1
"Adem tempat nya ..
Lokasi juga dekat..
Rute jg mudah..",1
"Gunung Pancar adalah sebuah gunung yang terletak di Kecamatan Citeureup, Kabupaten Bogor, Jawa Barat, Indonesia. Gunung Pancar terletak pada ketinggian 300â€“800 m dpl dengan topografi landai sampai bergelombang terjal dengan kemiringan sekitar 15-40%",1
Ganti aja nama'a jadi gunung pungli.....kapokkk,2
Jalanan parah! Pemerintah harusnya peduli akan fasilitas jalan untuk wisata ini. Wah ngga ngga lagi dah kesini,1
terlalu banyak pungli mending cari alternatip lain aja nyesel pokok nya,2
"Jalanan rusak, tapi lokasi cocok untuk kegiatan teambonding. mungkin agak macet di weekend siang hari.",1
"pandianya keluarga nya yg lumayan..
tpi ad si yang umum...
yang umum â€¦",1
Biar bintang yg bicara. Jangan lupa baca komen netizen yg lain ya. Semoga komentar para netizen bisa membawa perubahan supaya bisa lebih baik lagi.,1
Tempat pariwisata yang amat sangat mengecewakan. Sopan santun dan tata krama ny ngga ada.,1
"tempat : lumayan bagus
sarana  : kurang- jalan banyak rusak berlobang
kebersihan : tidak tersedia tempat sampah",1
Punglinya gila sih pemerasan banget,2
"Klo kamping disini lumayan mahal, tapi bagus lah klo buat foto"" doank",1
"Banyak spot2 foto baru, Instagramable banget.. Untuk spot foto hrs membayar 25rb untuk 9 spot foto",1
"Hutan Pinus dgn suasana yang tenang serta udara yang segar, sangat cocok utk rekreasi alam keluarga...",1
"Tempat tidak bagus, mau foto aja bayar",1
Banyak pungli,2
Cukup bagus hanya jalannya masih perlu diperbaiki,1
"tempat enak ,,suasana nya adem meski gk seadem puncak ,,jlanan nya juga gk ekstrim ,,deket juga dari pemda cibinong",1
"Pegunungan yg dipenuhi pohon pinus,, mirip Bukit Pengger dan sejenisnya di daerah Dlingo, Yogyakarta... Tapi tetep lebih adem Jogja punya ðŸ˜ƒ â€¦",1
"Pungli lewat batas..!!!
Orang indonesia ga bisa nikmatin ke indahan dinegaranya sendiri",2
Pungli merajarela,2
dari gratis sampe punglinya gak ngotak,2
"JANGAN ADA YANG MAO WISATA KE GN PANCAR,,,KEBANYAKAN BAYAR...
PINTU 1  = 10K/ORANG
PINTU 2  = 20K/ORANG â€¦",1
Jalan rusak dan banyak pungli nya kapok kesana,2
"Masih asri dan ada tempat foto""",1
"Sekarang udah bagus, ada ayunan yg disewakan untuk berfoto.
Nyaman sejuk, ðŸ˜Š â€¦",1
Banyak pungli hahahaha,2
gw g suka,2
"Parah pungli terus , pemandangan biasa ajaa ðŸ˜ â€¦",2
Menarik,1
Di gunung pancar idola saya hari ini melakukan trabas menggunakan motor cross saya sangat enjoy mendengar kabar tersebut ............gunung pancar i like it,1
Buruk aksesnya. Banyak pungli,2
"Sekarang banyak spot untuk foto tapi dikenakan biaya perspot/ foto, dan biayanya juga cukup mahal..",1
Spot photonya wajib bayar!,1
"Pohon pinus ok, smg jln sgra diperlebar, parkiran dbenahi, pemandian air panas dperbaiki, jgn asal2an lah..",1
"Banyak punglinya,coba dong dari pihak pengelola ,bentar bentar bayar",2
"Pernah nginep 3 hari di rumah warga gunung pancar, dalam rangka kemah kewarganegaraan",1
"Suasananya enak, sejuk. Tapi jalanan menuju ke tempat ini perlu berhati hati.",1
Bagus tempatnya,1
Tempatnya teduhhh banget..  Enak buat piknik makan2 dibawah pepohonan,1
"Gn. Pancar ini sering mengingatkan saya dengan Gn. Karang(Cianjur), serius, seperti replikanya saja. Gn. yang selalu membuat saya curious entah dari bentuk dan aspek lainnya, apakah ada semacam daerah inklinasi 3.6Â° versi Gn. Pancar juga kah?",1
aer panasnya bikin badan terasa di terapi lurrr..,1
"Gajadidehhhh kebanyakan pungli , baca komenan gajadi",2
Banyak Pungli yg gak jelas,2
Tempat wisata alam yg indah,1
"Jangan kesana, wisata cuma gtu"" Doang ga ada yg istimewa...  Ngabisin duit",1
View nya bagus banget... Udara sejuk.,1
"Tempat wisata bersama keluarga, teman, dan siapapun, tempatnya sejuk, pemandangannya bagus",1
Pungli menuju kesini bukan maeenn,2
Jorooook dan punglinya banyak.,2
Senang deh udaranya segar tapi sayang toiletnya tdk ada airnya dan banyak yg ditutup,1
Dikurangi pungli nya..tingkatkan fasilitas benahi konsep wisatanya,2
Loba pungli,2
"Buat Goweser wajib Coba Track Gunung Pancar dijamin Paha, dengkul, dan betis anda akan teriak... Gak kuat!!! Hahaha.. Selamat mencoba",1
banyak punglinya,2
Suasana hutan pinus sejuk bnget,1
"Banyak pungli, jalanan ancur. tidak pantas jd tempat wisata.",2
Sejuk sekali udaranya,1
"NOT RECOMMENDED BANGET !..
Kalo bisa kasi  ðŸŒŸ setengah,..
gue akan kasih ðŸŒŸ separo.. ðŸ˜ž â€¦",1
"Gak kecewa lah, tapi susah turun kalo mau pesen grabcar",1
Bagus pemandangannya dan ramah orang2nya,1
"Untuk yang suka suasa alam, datanglah kesini, udara sejuk dan adem, cocok untuk liburan keluarga",1
Terdampar,1
Tidak jauh dari pusat kota. Alternative liburan yg menyenangkan jika ingin mencari udara sejuk.,1
"Tempat si bagus ,tapi ngak tahan pugli nya nyesel udah ke stu",1
"tempat nya suram, banyak pungli nya. jgn kesini bakal nyesel",2
Mantap.... Udara sejuk jalan menanjak terjal..,1
Tempat camping lumayan keren buat pemula,1
Tempat yg sangat cocok buat foto2 pohon pinus'a bagus,1
ok...sesuai dengan kantong. Jalan akses tanjakan jadi kudu ati2,1
Mantap,1
Blom pranhh kstuu..Jadi mhon maaf bintang 3dllu kaga tau tmpt nya kya gmnaðŸ˜£ðŸ˜£ kalo ashiapp bru ksih bintang 5 dah guyssðŸ™‚ â€¦,1
Adem dan sudah banyak spot buat photo,1
Tempat yg masih alami untuk main sepeda gunung dan berkemah,1
"Tempat yang indah, udaranya sejuk dan nyaman",1
tempat nya sejuk.enak buat santai,1
Tempat untuk santai keluarga menikmati alam pohon pinus....mantap,1
Tempat pariwisata indah dengan udara yg sejuk,1
Lebih diperbaiki tempatnya,1
"Punglingnya kurang bos, serba bayar ini itu.",2
Weww bgt bgus buat foto Frewed,1
Keren untuk foto-foto dan merasakan pengalaman naik gunung untuk pemula,1
Selamat datang di wisata pungli,2
"Tempatnya sih lumayan.

TAPI PUNGLINYA KURANG AJAR. ORANG LOKAL AJA DI PERES ABIS""AN, GUA GA ABIS PIKIR â€¦",2
Banyak pungli katanya,2
Lumayan lah buat liburan keluarga .. Murahmeriah,1
Silakan coba... Tempatnya bagus.. Cocok buat foto dan acara keluarga,1
Tempatnya ditumbuhi pohon pinus. Cocok untuk camping dan hammockan disinj,1
Keren,1
Keren,1
Tempat yg baik untuk camping. Anak2 hingga dewasa.,1
Pungli terlalu banyak,2
"Kecewa banget, banyak pungli",2
Tempatnya bagus banget. Tapi sayang agak kecewa sama petugas keamanan disana.,1
"Tempat adem....tp bkn panas dompet,pungliny itu lho bnyk bener.....",2
"Untukk respon admin ny jelekk bgtt.  Kita nanya baik"" ga d respon. Saat d respon ga baik .   Tolong d respon dengan baik kalao ad castoumer yang nanya.
Kalao bisa cari admin yang respon nya baik aj min.",2
Mantep,1
Asik banget... klo tiap minggu kemari. Pemandangannya tiada tergantikan,1
Wisata alam yang cukup menyenangkan buat keluarga,1
banyak punglinya,2
Mau nyari ketenangan? Kesini aja sewa Hammock sambil santai dibawah pohon pinus,1
Tempat nya kurang Bagus klo buat kluarga.  Ga ada kulinernya,1
Awal.masuk terlalu banya pos yg bayar dan mahal.tolong diperhatikan pos pos yg gak ada fungsinya.,1
"Ngga jadi gara2 liat coment ðŸ˜€,cari tempat lain ja ahh â€¦",1
Punglinya bikin pengen puter balik ...,2
Cantik banget,1
"harus lebih fokus u/ pengembangan dan promosinya.

rawan disalahgunakan o/ pasangan ilegal",1
Mo dtg jd ga jd gr2 liat review nya jelek smua ðŸ˜… â€¦,2
Kurang di tata dan dikelola padahal kalo di kelola dengan baik gak kalah sama tempat2 lainnya,1
Banyak Pungli boss harga mahal sekarang... Apa2 di duitin. ..,2
Pemandangan indah sayang tiketnya mahal bolak balik beli tiket,1
"Baguss gengss,
Pemandangan alamya manjain mata, patut dikunjungii",1
Bagus tempatnya pas bngt buat yg utk liburan,1
Jangan ke gunung pancar ....bayarnya aja sampe 3 x...dah gitu gada2 apa2 ....pasti kecewa,1
Sejuk,1
tempat yang nyaman dan indah untuk berfoto,1
"Lumayan lah,walau hanya sekedar lewat",1
"Kurang nyaman,sptnya tempat ini belum dikelola dgn baik oleh pemda bogor",1
"Alhamdulillah ,semuah yng telah gabung Ama kmi hevi",1
"KAPOK KESINI, SUMPAH KAPOK !
JALANAN NYA GAK BAGUS, DARI BOGOR JALAN NYA JAUH BANGET, UDAH GITU YG PALING PARAH BANYAK BANGET PUNGLI NYA YA AMPUN . SEDIH NYA LAGI MAU FOTO DI ALAM HARUS BANYAR :( BAYAR NYA JUGA PERORANG PER SPOT. SEGITUUU NYA LOOOHHHHH",2
Stop pungli sangat meresahkan,2
Saya camping nggak enak banyak batu dan licin,1
#sukardipercaya luar biaasaaa,1
âœŒï¸âœŒï¸âœŒï¸,1
Mantap nih,1
"Njirr banyak pungli, mau duit tapi ga mau kerja keras.",2
wisata hutan pinus Gn.Pancar Di Kab.Bogor Jawa BaratðŸ‘ â€¦,1
Masak dikit dikit bayar,1
"Mao jajal kesitu mudah""an bagus tempatnya buat reflesing.. kasih bintang 5ajah",1
Dekat dari jakarta,1
Lokasi wisata hutan/pegunungan paling deket dari jakarta,1
"Banyak pungli guize,,ga rekomen.",2
Tempat kebanyakan pungli,2
Nyaman dan bisa untuk membuat moment asri alami..,1
Indah pemandangannya,1
Sejuk dan harga terjangkau,1
"Jalan ancur, pungli banyak,",2
"tempatnya lumayan oke, tapi banyak biaya masuknya",1
Bagus buat refreshing..tmptnya jga bersih&nyamann,1
Banyak potoboot yg di sewain.,1
Enak buat camping,1
"Mantap luar biasa, pemandanganya indah",1
Kurang bagus apalgi hujan becek penuh lumpur tanah merah,1
Perhatian yg mau ke gunung pancar bogor hati2 banyak pungutan liar,1
"tempat ya asik bngt,,,udaraya jga sejuk tp sayank,,,banyak yg mengolola",1
Tempat yang cukup sejuk untuk piknik keluarga,1
Belom kesana dah denger ulasan teman teman udah males ksana.....pelayanannya ga asik...,1
Tempatnya Adem bangat pemandangan nya mantap,1
"Mantap Lah Gn. Pancar, pungli nya masih batas wajar.",2
Pastiin mobilnya sehat sebelom nanjak..,1
liat komentar buruk yg lain udah menjelaskan semuanya..,1
"Bagus ,sejuk and  nyaman,",1
Jalannya kurang bagus,1
Gunung yg sangat asri dan indah pemandangannya juga bagus,1
sekarang tiket masuk mahal,1
Tiap tempat mau foto suruh bayar.,1
Buat yg mau santai and mandi air panas..tidak jauh dari Jakarta,1
Ayo berwisat ke gunung pancar bogor mantaf perjalanan di malam hari,1
Tempat yang cocok untuk melepas penat dari pekerjaan sehari-hari di kota,1
Bikin Bangkrutin aja lah nihh....pungli everywhere,2
banyak pungliiii,2
Keren,1
Tempat ya keren terutama di hutan pinus ya,1
Mandi air panas saat malam hari mantap,1
View pohon pinus yg indah buat photo2..,1
Viewnya bagus. Kondisi jalan parah,1
"Bagus rame, tp saya jarang kesana",1
kacau,1
"Hutan pinusnya mantap, buat foto2 okelah",1
pungli dan pungli dan pungli dan pungli aja terus,2
Terkenal tempat pemerasan para pemuda disana,1
punglinya merajalela,2
Terina last any sewing sekali,1
"Mari kita jaga yang rindang"" ini",1
"Banyak oknum dan pemuda pemerasan uang, ane korban pemerasan uang 300 rb",2
Tempat wisata murah dan santai ya disini tempatnyaa,1
Tempat wisata yg dekat dengan jungle land,1
Banyak pintu masuk nya setiap pintu berbayar,1
Komersil terlalu byk pungli,2
Banyak Pungli. Kapok ,2
Banyak pungli.... bayar dimana-mana,2
Banyak pungli,2
Hutan alami udara bersih sejuk dan murah,1
Tempat yg cocok untuk yang kemping dan tracking,1
,
"Banyak pungli ,tolong d tertibkan  , selebihnya bagus",2
Bagus untuk keluarga,1
Masuk nya bayar mulu,2
Tempatnya tenang baik untuk menghilangkan stress hehe,1
Banyak pungli,2
Parah pungli nya,2
tempat wisata nya bagus...,1
Lumayan,1
Datang dan nikmati keindahan nya,1
Menyediakan paket prawedding juga disana,1
Bagus buat prewed dan photo sesion,1
Indah bgt,1
Tempat yang tidak terlalu jauh dari namun suasananya sangat berbeda,1
Viewnya bagus utk dinikmati,1
Tempat nya bagus tapi kurang sejuk,1
Banyak tanjakan dan siap2 bau kampas rem,0
Banyak pungli,2
"Susah jalannya, pake maps tidak ada sinyal ",2
"Tempat yg cukup indah,sejuk , asri..",1
Sarana prasarana nya buruk,1
"Bagus, cocok untuk spot camera slr",1
Tempat yang asri dan indah...,1
Kebanyakan tiket,2
Mahal buat anak backpaker.,2
gak jadi dahhh ape2 duit mening keragunan dah ah...,2
Kurang menarik banyak sampah berserakan,1
Wisata tukang palak,1
"Main kesini tp mendadak, tempatnya bagus",1
Tempat wisatanya sangat bagus,1
Kebanyakan pungli anjing,2
View nya bagus untuk foto,1
Pemandangan nya bagus,1
"Keren, hutan Pinus ...",1
Saya belum nginep tapi keliatannya bagus,1
Tempat yang bagus dengan pemandangan yang indah,1
"Tenang dan sunyi. Saat hari kerja.
Hari libur ramai.",1
Terlalu banyak yang harus dibayar,2
Tempatnya adeeeemmmm,1
Wooy pemandangan nya indah bgt,1
,
Kata temen2q t4 ini bgus buat foto2.,1
"Tempat wisata KESEHATAN,terapi air panas",1
"Tdnya mau ksni,liat coment nya koq jd males ya",1
Tempat ini sangat cocok untuk rekreasi,1
Jalur nya sempit,1
Banyak pungli,2
Ini tempat jiarah yg sangat khusu,1
bagus buat tempat rekreasi,1
oke boss,1
Asyik buat photo dan sejuk,1
Ga jadi kesana gess up,2
"Payah ni maps, dikasih tujuan ntah berantah....",2
Air panas,1
Akses jalannya harus diperbaiki,2
"Refreshing ditengah pepohonan Pinus, enak ",1
Fiu nya indah dan bagus,1
Menakjubkan sekali,1
Banyakan pungli nya..,2
Wisata alam pegunungan,1
Ga terlalu recomended,2
Banyak punglinya,2
Banyak pungli katanya,2
Banyak pungli,2
Banyak pungli,2
Banyak pungli,2
Indah,1
Banyak sekali pungli,2
Enak juga utk wisata keluarga,1
Seru untuk hunting foto atau pre wedding,1
Banyak guide yg maksa.,1
tidak jadi pergi setelah melihat komentar,2
Sangat segar sekali liburan disini,1
,
setelah baca komentar yang banyak mengeluarkan dana,2
Bagus tapi agak serem dikit,1
keren,1
"Tempat yang asri, dengan rimbun pepohonan.. Good",1
Jalanan nya sangat sempit,1
Membantu,1
katanya baguss hehe blom jd ke sn,1
Hutan alam yg asri,1
Cocok buat acara keluarga,1
"BANYAK PUNGLI, WISATA JUGA JELEK",2
pungli semua,2
Cukup segar udaranya,1
Suka sekali  dgn  tempt ink,1
Akan berkunjung dalam waktu dekattt,1
Tpi blm ad sinyal,2
Buat Prewed cocok,1
Mantep baget dan adem baget abis reteret,1
"Gunung pungli,,,",2
Bagus. Tapi banyak sampah,2
Tempat yang sejuk di pinggiran Jakarta,1
Bagus tempatnya namun banyak registrasi,1
BANYAK PUNGLI DARI AKAMSI,2
Hutan pinusnya lumayan,1
Tempat ber selfy ria,1
Indah tapi banyak pungli.,2
Terlalu byk pungli...,2
Sejuk,1
suasana mantap ya,1
Alhamdulilah dengan yg sekarang,1
Tempatnya bagus bgt,1
Mandi air panas..ngilangin pegel,1
Betul sekali kebanyakan pungli,2
Sejuk indah buat ngopi,1
Mantap pokoknya,1
enak buat rebahan..,1
Nyaman tempat ny,1
Wisata MUR-MER tanpa MURAHAN..,1
baguss sekali,1
Ngadem.... Menjauh dari dunia keramaian....,1
Suasana nya adem,1
pungli mulu,2
Luar biasa keindahanya,1
"Di bikin muter"" sama map",1
Tempat tempat kunjungan wisata,1
Asyik tempatnya,1
Otw kuy,1
Banyak pungli,2
Suka,1
Keren banget tempatnya,1
,
Tempat refreshing yang menyenangkan,1
"Yang bagus selalu jauh ya :"")",1
Bagus cuma jauh,1
biasa ajh,0
Gn pancar,1
Belum pernah coba,0
Ok tempat wisatanya,1
Enak adem,1
Biasa aja,1
nyaman,1
Adem,1
Tempat liburan alternatif di kota bogor,1
Nyaman,1
Kotor,1
Adem,1
Sekrng buka ga ya,1
Bagus,1
Bagus,1
Mantap,1
Udaranya segar tidak panas,1
Bagus,1
Bagus bgt,1
Air panas ga panas.....,1
Sangat indah dan sejuk,1
Review sgt membantu,1
Bnyk pungli,2
Tempat yg sangat sensasionl,1
alam yg sejuk,1
tidak recomend,2
Tempat yg bagus,1
Mantap tanjakan nya bro,1
Berendam sejenak disini...,1
Tempat nya indah,1
Cocok untuk berwisata,1
Mahal mahal wahananya,0
,
terindah,1
Kemping ceria,1
Memancar,1
nyaman dan tenang,1
Tempatnya bagus,1
Keren buat foto,1
,
Serba bayar.,2
Bagus sekali,1
Memuaskan dan masih asri,1
Banyak minta duit,1
Assikkk tp jauh,1
Karnaaku pernah ke sini,1
indah..,1
Murah meriah,1
Pemandangan yang sejuk,1
Terbaik aja.,1
Gunung pancar sentul keren,1
Temptnya nyaman.,1
Sejuk,1
Jujur belom pernah kesitu,0
"Wisata alam, hijau , seger",1
Jalan sempit,2
sekarang makin cantik,1
Enak adem seru,1
Bagus untuk rekreasi,1
Luar biasa,1
"Sejuk, indah, nyaman",1
Pengen kesana lagi,1
Agak ribet jalan,2
Sangat bagus,1
Keren banget pkok nya,1
Daerah ku yng indah,1
Sangat bagus,1
Indah dan keren,1
Kurang menarik,2
Keindahan sang pencipta,1
indah dan sejuk,1
keren,1
perlu diexplore terus,1
Sangat instagramable,1
Banyak pungutan,2
Nyesel,2
Bagus banget,1
,
Kebanyakan mobil,1
Kurang greget sekarang,2
Sejuk,1
Indah,1
Gersang,2
keren,1
Bagus,1
Sejuk,1
seru banget,1
Wisata,1
Mantab,1
Bagus,1
Waw,1
Refresing,1
Bagus,1
Bagus,1
Bagus,1
Oke,1
Keren pemandanganya,1
jelek,2
Padat,1
Siip,1
Keren,1
Bagus,1
sejuk,1
Bagus,1
Keren,1
mantap,1
Wisata alam,1
Wisata gunung pancar,1
KEBANYAKAN PUNGLI.,2
keren,1
Indah banget,1
BANYAK PUNGLI !!!!,2
"Enak, adem",1
indonesia keren,1
seru dan cozy,1
Pungliiiiii ..,2
Keren bnget asli,1
Asri alami,1
indah dan sehar,1
Treck miring miring,1
Agak kurang,1
Gua habis dari sana,1
Subhanallah,1
"Rasakan alamnya... Dapat sumber air panas, dikelilingi hutan pinus yang megah.. Pemandangan indah, udara segar, dekat tempat untuk melepaskan diri dari rutinitas...Inilah tempat di dataran tinggi yang mudah dijangkau dengan segala jenis â€¦",1
Tempat yang bagus untuk liburan akhir pekan dengan akses mudah dari Jakarta dan Bogor. Ada beberapa sumber air panas dan tempat berkemah. Kayu pohon pinus membuat kawasan ini sedikit dingin. Ini juga menjadi tempat favorit bagi para pesepeda dan pecinta downhill.,1
"Manajemennya jelek.. buka 24 jam, tapi aksesnya jelek... Kolamnya terbuka, tapi kotor banget. Infrastruktur jelek, manajemen jelek. Harus membayar untuk setiap hal. â€¦",2
"Ada spot foto, camping ground, dan pemandian air panas. Di pintu masuk ada orang yang memungut biaya masuk Rp 10K untuk orang dan Rp 10K untuk mobil. tarif ini untuk wisatawan domestik. Untuk orang asing Rp 100K untuk satu orang. â€¦",1
"tempatnya sangat sejuk, cocok untuk camping",1
"Perjalanan yang bagus. Aku dan Pacarku mengambil rute sebaliknya untuk naik ke gunung pancar. Tidak ada jalur, tidak ada pemandu, dan tidak ada sinyal GPS juga, jadi kami membuat jalur sendiri, di beberapa area kami harus memanjat batu â€¦",2
"Hutan yang indah, semoga jalanan diperbarui",1
Tempat ini tidak memiliki daya tarik yang bagus. Anda harus membayar untuk setiap hal. Begitu banyak orang yang akan meminta uang kepada Anda untuk setiap jalan yang Anda lalui. Itu membuat lalu lintas di banyak tempat untuk pergi ke sana. Air panasnya kotor sekali. Saya tidak merekomendasikan tempat itu.,2
"Salah satu spot selfie yang cocok untuk anda :D properti bagus untuk disewa, cukup berikan penawaran anda untuk beberapa paket properti",1
Tempat ini sudah tidak bagus lagi. Terlalu ramai dan Anda akan menemukan sampah di mana-mana. Dulunya merupakan tempat yang bagus untuk menjauh dari kota. Tempat untuk bersantai. Tapi sekarang berbeda,1
"hutan yang indah dengan hutan pinus yang megah, pemandangan indah, udara segar, tempat yang bagus untuk melepaskan diri dari padatnya aktivitas rutin",1
INI ADALAH PERINGATAN! Terlalu banyak penipuan. 7.500 untuk lokal dan 150.000 untuk asing termasuk yang memiliki KITAS. Tidak termasuk panduan apa pun. Tidak layak. Sebenarnya tidak ada yang bisa dilihat. Tidak ada jalur yang tepat untuk â€¦,2
Pemandangan alam dan hutannya sejuk yang bikin sejuk setiap bayarnya,1
Wajib kesana menikmati alam dan pemandangan indah serta udara sejuk,1
"Jakarta sebelah,, tempat yang bagus, udara segar, kayu pinus. Tempat yang bagus untuk bersantai, mengobrol dan bergaul dengan teman dan keluarga,,",1
"Pemandangan indah, dekat dari jakarta dan mudah diakses. Tempat terbaik untuk berkemah",1
Tempat yang sejuk dan indah,1
Pemandangan indah dan tempat berkemah yang luar biasa,1
Sekarang ini adalah pilihan yang bagus untuk liburan akhir pekan dari hari kerja yang sibuk. Ajak juga keluarga Anda.,1
"Keren, sejuk, dekat dengan rumah",1
"Pemandangannya bagus, tapi manajemennya kurang bagus",1
"Melarikan diri dengan mudah dari jakarta, tempat yang terorganisir dengan baik",1
"Tempat yang sempurna untuk semua orang yang ingin melepaskan diri dari kehidupan yang sibuk & tempat yang ramai. Udaranya sangat segar, terasa begitu tenang karena dikelilingi hutan. Sayangnya, toiletnya cukup jauh sehingga kami harus â€¦",1
Bumi perkemahan hutan pinus,1
"Dua pilihan: kolam keluarga seharga 100rb per jam atau kolam renang umum seharga 25rb per orang. Mata air panas mineral. Disarankan agar Anda mendinginkan diri setelah 30 menit dan banyak minum air putih untuk mencegah dehidrasi. Kami datang larut malam, mana yang lebih baik untuk menikmati pemandian air panas",1
Udara bersih dan segar membuat saya rileks,1
,
"Jika Anda hanya ingin rekreasi, jangan pilih tempat ini. Anda harus membayar 10k rupiah/sepeda motor di pintu masuk dan 5k untuk parkir. â€¦",1
Pintu masuk Gunung Pancar terletak di dekat kawasan Sentul Nirwarna. Hati-hati jalan utama sangat bergelombang dan permukaannya kasar. Dibutuhkan waktu sekitar 15 menit dari jalan utama Sentul menuju lokasi ini. Ada biaya masuk untuk mobil â€¦,1
Spot fotonya banyak,1
Bagus,1
"Tempatnya adem, asri..cocok untuk semua kalangan, dan untuk keluarga..hanya sagala seuer naur ini..wajib punya 1 paket..",1
"Salah satu tempat berlibur di hutan di kota Sentul, Bogor.",1
Udara segar dan banyak spot instagrammable juga,1
Tempat yang Disukai Mamahhh,1
,
Pilihan terbaik untuk hiking di Sentul dengan lebih menyenangkan,1
Saya tidak merekomendasikan tempat ini. Anda harus membayar untuk setiap hal yang Anda lakukan. Cari tempat lain untuk mendapatkan udara segar!!!,2
Tidak merekomendasikan . Terlalu banyak biaya untuk setiap tempat dan menurut saya itu ilegal,2
Suasana sejuk yang bagus,1
Salah satu tujuan saya ketika saya ingin kotor dengan supermoto saya atau moto X saya...kontur tempatnya sangat bagus...suatu hari saya ingin mencoba menuruni bukit di sini...tetap kotor di sini Teman-teman...,1
Ini adalah tempat yang bagus untuk liburan terutama air terjun di sana. Kamu harus pergi menjelajahi air terjun,1
Pemandangan yang menakjubkan,1
Udara yang sangat dingin....,0
Bagus,1
Sumber air panas yang bagus air terjun yang bagus dan jika Anda mencari pohon langka.,1
Tempat yang sejuk dan enak,1
"Tempatnya bagus, bisa berfoto bersama teman dan keluarga",1
Jangan buang uang Anda di sini. Tempatnya tidak begitu bagus,2
Pemandangan yang bagus,1
Tempat yang bagus dengan gunung bahagia dan nikmati kita bisa merasakannya,1
"Mahal, tolong jadi kali2 ðŸ˜­ â€¦",2
Tempat yang bagus untuk menikmati alam dan banyak tempat foto,1
Sedikit ramai,0
Pemandangannya bagus tapi jalanannya buruk.,2
Ini luar biasa,1
Kolam air panas. Telah menggunakannya dengan keluarga. Lumayan bagus.,1
Suasana sejuk yang indah,1
Tempat berkemah yang bagus dan kolam air hangat,1
Ini adalah tempat yang bagus untuk bersantai dan menikmati pemandangan,1
Maaf.. tapi saya tidak mau membayar,2
Tempat yang bagus untuk bersantai,1
